"local_id","p_agegp","agegp1","agegp2","agegp3","agegp4","agegp5"
13800001,"agegp4",NA,NA,1,6,NA
13800002,"agegp5",NA,NA,1,1,1
13800003,"agegp3",NA,NA,15,3,NA
13800004,"agegp4",NA,NA,1,6,2
13800005,"agegp2",NA,1,NA,5,1
13800006,"agegp4",NA,1,NA,3,2
13800007,"agegp5",NA,NA,NA,2,3
13800008,"agegp5",NA,NA,NA,4,NA
13800009,"agegp3",NA,NA,13,3,1
13800010,"agegp5",NA,NA,NA,2,1
13800011,"agegp2",NA,NA,1,3,NA
13800012,"agegp4",NA,NA,NA,5,NA
13800013,"agegp3",NA,NA,12,3,NA
13800014,"agegp4",NA,NA,NA,8,NA
13800015,"agegp3",NA,NA,7,4,3
13800016,"agegp4",NA,1,NA,4,NA
13800017,"agegp3",NA,NA,4,2,2
13800018,"agegp3",NA,1,5,12,3
13800019,"agegp4",NA,1,NA,12,3
13800020,"agegp4",NA,1,2,12,6
13800021,"agegp4",NA,1,NA,10,2
13800022,"agegp2",NA,1,2,4,4
13800023,"agegp5",NA,NA,NA,3,5
13800024,"agegp4",NA,NA,NA,6,2
13800025,"agegp5",NA,NA,2,7,3
13800026,"agegp3",NA,1,13,4,NA
13800027,"agegp2",NA,NA,NA,3,1
13800028,"agegp3",NA,NA,10,4,NA
13800029,"agegp4",NA,NA,2,1,1
13800030,"agegp5",NA,NA,NA,3,2
13800031,"agegp5",NA,NA,1,14,4
13800032,"agegp3",NA,NA,3,3,2
13800033,"agegp4",NA,NA,2,12,1
13800034,"agegp3",NA,NA,15,4,NA
13800035,"agegp3",NA,2,13,5,2
13800036,"agegp4",NA,1,NA,3,2
13800037,"agegp5",NA,NA,NA,5,4
13800038,"agegp4",NA,NA,1,4,1
13800039,"agegp4",NA,NA,NA,NA,1
13800040,"agegp5",NA,NA,1,9,6
13800041,"agegp3",NA,1,9,3,2
13800042,"agegp2",NA,1,1,4,NA
13800043,"agegp5",NA,NA,3,4,2
13800044,"agegp5",NA,1,NA,2,1
13800045,"agegp2",NA,NA,NA,2,2
13800046,"agegp4",NA,NA,3,2,NA
13800047,"agegp2",NA,NA,1,6,1
13800048,"agegp3",NA,NA,7,3,1
13800049,"agegp3",NA,NA,NA,5,NA
13800050,"agegp4",NA,NA,NA,8,NA
13800051,"agegp3",NA,1,6,4,2
13800052,"agegp4",NA,NA,NA,11,5
13800053,"agegp5",NA,NA,3,2,3
13800054,"agegp2",NA,NA,1,4,4
13800055,"agegp2",NA,NA,1,4,2
13800056,"agegp4",NA,NA,1,4,NA
13800057,"agegp4",NA,NA,NA,4,2
13800058,"agegp4",NA,NA,NA,4,2
13800059,"agegp3",NA,NA,4,3,1
13800060,"agegp3",NA,NA,7,4,1
13800061,"agegp5",NA,NA,NA,NA,3
13800062,"agegp5",NA,NA,1,1,9
13800063,"agegp5",NA,NA,2,5,2
13800064,"agegp5",NA,1,2,6,NA
13800065,"agegp4",NA,1,1,6,NA
13800066,"agegp3",NA,NA,4,3,NA
13800067,"agegp2",NA,NA,NA,3,3
13800068,"agegp3",NA,NA,1,1,2
13800069,"agegp2",NA,1,2,2,1
13800070,"agegp2",NA,4,NA,4,2
13800071,"agegp4",NA,1,1,3,NA
13800072,"agegp5",NA,NA,2,3,NA
13800073,"agegp5",NA,NA,NA,2,1
13800074,"agegp4",NA,NA,1,10,1
13800075,"agegp4",NA,NA,NA,4,5
13800076,"agegp4",NA,1,1,3,3
13800077,"agegp4",NA,2,1,3,4
13800078,"agegp4",NA,1,NA,4,1
13800079,"agegp4",NA,1,2,3,1
13800080,"agegp5",NA,1,1,3,5
13800081,"agegp3",NA,NA,2,2,1
13800082,"agegp4",NA,NA,NA,4,1
13800083,"agegp2",NA,NA,NA,3,1
13800084,"agegp4",NA,3,NA,6,2
13800085,"agegp5",NA,NA,2,2,1
13800086,"agegp4",NA,NA,NA,8,NA
13800087,"agegp5",NA,1,2,5,2
13800088,"agegp4",NA,NA,NA,8,2
13800089,"agegp2",NA,NA,NA,3,1
13800090,"agegp4",NA,NA,2,4,1
13800091,"agegp2",NA,NA,NA,6,2
13800092,"agegp4",NA,3,NA,2,2
13800093,"agegp5",NA,2,NA,8,1
13800094,"agegp2",NA,NA,1,3,2
13800095,"agegp5",NA,NA,NA,3,NA
13800096,"agegp3",NA,NA,1,6,1
13800097,"agegp5",NA,3,3,6,2
13800098,"agegp4",NA,1,NA,3,NA
13800099,"agegp2",NA,1,1,5,NA
13800100,"agegp2",NA,1,1,3,2
13800101,"agegp2",NA,1,2,3,NA
13800102,"agegp5",NA,NA,NA,2,4
13800103,"agegp4",NA,1,1,1,1
13800104,"agegp4",NA,NA,1,2,2
13800105,"agegp4",NA,NA,NA,5,2
13800106,"agegp2",NA,NA,NA,3,1
13800107,"agegp4",NA,2,NA,6,2
13800108,"agegp4",NA,NA,NA,1,3
13800109,"agegp4",NA,1,NA,7,1
13800110,"agegp3",NA,NA,5,3,1
13800111,"agegp4",NA,NA,2,3,NA
13800112,"agegp4",NA,NA,2,5,NA
13800113,"agegp4",NA,NA,NA,6,3
13800114,"agegp3",NA,1,3,3,1
13800115,"agegp4",NA,2,NA,4,2
13800116,"agegp3",NA,1,5,2,NA
13800117,"agegp2",NA,NA,2,3,1
13800118,"agegp4",NA,NA,3,3,NA
13800119,"agegp2",NA,7,3,3,2
13800120,"agegp2",NA,NA,1,2,1
13800121,"agegp2",NA,1,NA,5,2
13800122,"agegp4",NA,NA,2,8,4
13800123,"agegp2",NA,1,2,6,2
13800124,"agegp3",NA,NA,5,2,1
13800125,"agegp4",NA,2,NA,2,2
13800126,"agegp5",NA,1,NA,2,NA
13800127,"agegp4",NA,NA,2,6,NA
13800128,"agegp4",NA,1,2,14,1
13800129,"agegp3",NA,NA,4,2,NA
13800130,"agegp5",NA,NA,NA,1,2
13800131,"agegp4",NA,NA,NA,6,1
13800132,"agegp5",NA,NA,NA,3,1
13800133,"agegp2",NA,1,2,8,2
13800134,"agegp4",NA,1,1,1,2
13800135,"agegp3",NA,NA,2,3,1
13800136,"agegp2",NA,1,2,7,2
13800137,"agegp4",NA,NA,1,7,1
13800138,"agegp4",NA,3,1,5,NA
13800139,"agegp2",NA,2,NA,7,2
13800140,"agegp4",NA,1,2,8,NA
13800141,"agegp3",NA,NA,10,3,NA
13800142,"agegp4",NA,NA,NA,4,NA
13800143,"agegp3",NA,NA,8,1,1
13800144,"agegp5",NA,NA,NA,5,8
13800145,"agegp4",NA,NA,NA,1,5
13800146,"agegp5",NA,NA,NA,1,3
13800147,"agegp2",NA,1,1,7,2
13800148,"agegp4",NA,NA,2,2,2
13800149,"agegp4",NA,NA,1,6,1
13800150,"agegp3",NA,NA,5,4,NA
13800151,"agegp4",NA,NA,2,4,1
13800152,"agegp5",NA,NA,NA,1,3
13800153,"agegp5",NA,NA,NA,4,2
13800154,"agegp5",NA,1,1,5,NA
13800155,"agegp4",NA,NA,5,5,NA
13800156,"agegp4",NA,NA,1,6,NA
13800157,"agegp4",NA,NA,NA,6,1
13800158,"agegp5",NA,NA,NA,3,3
13800159,"agegp5",NA,1,1,7,NA
13800160,"agegp5",NA,1,1,1,1
13800161,"agegp4",NA,NA,NA,3,2
13800162,"agegp4",NA,NA,2,5,2
13800163,"agegp2",NA,NA,NA,2,1
13800164,"agegp5",NA,NA,NA,4,2
13800165,"agegp5",NA,NA,NA,5,2
13800166,"agegp4",NA,NA,4,6,1
13800167,"agegp5",NA,1,1,4,3
13800168,"agegp4",NA,NA,1,9,2
13800169,"agegp5",NA,NA,NA,1,3
13800170,"agegp5",NA,NA,1,1,2
13800171,"agegp3",NA,1,8,2,NA
13800172,"agegp3",NA,NA,7,2,1
13800173,"agegp4",NA,NA,NA,9,4
13800174,"agegp4",NA,NA,1,4,2
13800175,"agegp4",NA,NA,1,4,2
13800176,"agegp2",NA,NA,1,4,1
13800177,"agegp5",NA,NA,NA,NA,2
13800178,"agegp4",NA,NA,NA,13,2
13800179,"agegp4",NA,NA,NA,1,1
13800180,"agegp2",NA,6,3,4,1
13800181,"agegp5",NA,NA,NA,1,3
13800182,"agegp5",NA,NA,NA,1,4
13800183,"agegp4",NA,NA,NA,11,4
13800184,"agegp3",NA,NA,4,2,1
13800185,"agegp5",NA,1,NA,2,5
13800186,"agegp3",NA,NA,3,3,1
13800187,"agegp5",NA,1,1,2,NA
13800188,"agegp4",NA,NA,1,8,1
13800189,"agegp4",NA,NA,NA,10,2
13800190,"agegp3",NA,NA,11,2,2
13800191,"agegp2",NA,1,3,5,1
13800192,"agegp4",NA,NA,1,7,3
13800193,"agegp3",NA,NA,13,1,2
13800194,"agegp4",NA,NA,NA,7,1
13800195,"agegp4",NA,1,1,18,2
13800196,"agegp4",NA,NA,NA,9,1
13800197,"agegp3",NA,NA,3,3,1
13800198,"agegp5",NA,1,2,6,1
13800199,"agegp3",NA,NA,6,3,1
13800200,"agegp4",NA,NA,NA,4,2
13800201,"agegp4",NA,1,1,25,1
13800202,"agegp3",NA,NA,9,2,NA
13800203,"agegp5",NA,NA,4,6,2
13800204,"agegp2",NA,1,NA,5,1
13800205,"agegp4",NA,1,NA,1,2
13800206,"agegp3",NA,NA,3,3,NA
13800207,"agegp4",NA,NA,NA,8,2
13800208,"agegp4",NA,NA,4,8,1
13800209,"agegp3",NA,NA,5,4,NA
13800210,"agegp3",NA,1,4,2,1
13800211,"agegp5",NA,1,NA,4,4
13800212,"agegp4",NA,NA,NA,1,NA
13800213,"agegp5",NA,NA,NA,7,4
13800214,"agegp3",NA,NA,3,2,NA
13800215,"agegp5",NA,NA,NA,NA,3
13800216,"agegp5",NA,NA,NA,NA,4
13800217,"agegp5",NA,1,NA,6,3
13800218,"agegp3",NA,NA,1,2,1
13800219,"agegp4",NA,NA,1,10,2
13800220,"agegp4",NA,NA,NA,6,2
13800221,"agegp4",NA,2,2,12,3
13800222,"agegp2",NA,1,2,4,NA
13800223,"agegp2",NA,NA,1,5,2
13800224,"agegp3",NA,NA,14,4,3
13800225,"agegp2",NA,2,1,4,2
13800226,"agegp4",NA,1,1,6,NA
13800227,"agegp3",NA,NA,6,3,NA
13800228,"agegp3",NA,NA,5,2,1
13800229,"agegp3",NA,NA,1,4,2
13800230,"agegp4",NA,NA,NA,14,1
13800231,"agegp4",NA,NA,NA,4,2
13800232,"agegp5",NA,NA,1,1,NA
13800233,"agegp4",NA,NA,2,4,1
13800234,"agegp4",NA,NA,NA,4,1
13800235,"agegp4",NA,2,1,3,1
13800236,"agegp3",NA,NA,3,7,NA
13800237,"agegp4",NA,1,NA,2,NA
13800238,"agegp4",NA,3,NA,5,2
13800239,"agegp2",NA,NA,NA,4,2
13800240,"agegp5",NA,NA,NA,5,6
13800241,"agegp2",NA,NA,1,6,NA
13800242,"agegp4",NA,NA,2,1,1
13800243,"agegp3",NA,NA,15,5,1
13800244,"agegp5",NA,NA,NA,4,NA
13800245,"agegp4",NA,NA,2,2,1
13800246,"agegp4",NA,NA,1,7,NA
13800247,"agegp4",NA,3,1,1,NA
13800248,"agegp3",NA,NA,13,1,1
13800249,"agegp4",NA,3,3,9,2
13800250,"agegp3",NA,NA,4,2,1
13800251,"agegp3",NA,NA,14,3,NA
13800252,"agegp3",NA,NA,15,2,1
13800253,"agegp5",NA,NA,1,3,1
13800254,"agegp3",NA,NA,3,2,NA
13800255,"agegp4",NA,NA,NA,4,2
13800256,"agegp5",NA,NA,1,2,NA
13800257,"agegp4",NA,NA,1,2,2
13800258,"agegp4",NA,NA,2,5,1
13800259,"agegp3",NA,1,4,5,1
13800260,"agegp4",NA,1,NA,4,1
13800261,"agegp3",NA,NA,7,1,2
13800262,"agegp2",NA,NA,NA,2,3
13800263,"agegp4",NA,1,NA,4,NA
13800264,"agegp5",NA,NA,NA,2,6
13800265,"agegp3",NA,NA,NA,3,NA
13800266,"agegp5",NA,NA,1,7,NA
13800267,"agegp5",NA,1,1,4,3
13800268,"agegp4",NA,NA,NA,8,NA
13800269,"agegp4",NA,NA,1,1,1
13800270,"agegp2",NA,NA,NA,3,1
13800271,"agegp5",NA,NA,NA,1,2
13800272,"agegp2",NA,NA,NA,4,NA
13800273,"agegp5",NA,NA,1,2,4
13800274,"agegp4",NA,1,NA,3,2
13800275,"agegp5",NA,NA,NA,NA,3
13800276,"agegp4",NA,NA,NA,5,NA
13800277,"agegp5",NA,NA,NA,2,4
13800278,"agegp4",NA,NA,NA,3,1
13800279,"agegp4",NA,NA,NA,4,2
13800280,"agegp2",NA,NA,NA,3,3
13800281,"agegp5",NA,NA,NA,1,2
13800282,"agegp4",NA,NA,2,4,NA
13800283,"agegp3",NA,NA,3,3,1
13800284,"agegp3",NA,NA,4,2,NA
13800285,"agegp2",NA,NA,NA,3,2
13800286,"agegp4",NA,NA,1,4,1
13800287,"agegp3",NA,1,2,2,2
13800288,"agegp2",NA,NA,1,2,2
13800289,"agegp5",NA,NA,NA,3,4
13800290,"agegp4",NA,NA,1,6,2
13800291,"agegp4",NA,NA,NA,3,NA
13800292,"agegp4",NA,NA,NA,5,NA
13800293,"agegp2",NA,1,NA,2,2
13800294,"agegp5",NA,1,1,2,6
13800295,"agegp2",NA,NA,1,4,2
13800296,"agegp5",NA,NA,NA,2,2
13800297,"agegp4",NA,NA,NA,4,2
13800298,"agegp2",NA,1,NA,8,4
13800299,"agegp5",NA,NA,NA,5,1
13800300,"agegp3",NA,NA,7,1,2
13800301,"agegp4",NA,2,NA,4,2
13800302,"agegp3",NA,NA,3,2,2
13800303,"agegp4",NA,NA,1,2,1
13800304,"agegp4",NA,NA,1,4,NA
13800305,"agegp2",NA,NA,2,3,2
13800306,"agegp3",NA,NA,1,2,NA
13800307,"agegp2",NA,NA,NA,2,1
13800308,"agegp3",NA,NA,4,3,NA
13800309,"agegp2",NA,NA,1,4,NA
13800310,"agegp5",NA,NA,1,2,1
13800311,"agegp2",NA,NA,NA,5,1
13800312,"agegp4",NA,1,2,1,4
13800313,"agegp5",NA,NA,NA,3,1
13800314,"agegp4",NA,NA,NA,7,NA
13800315,"agegp4",NA,NA,NA,5,1
13800316,"agegp2",NA,NA,2,5,NA
13800317,"agegp4",NA,1,NA,5,2
13800318,"agegp3",NA,NA,3,2,2
13800319,"agegp5",NA,NA,NA,4,2
13800320,"agegp5",NA,NA,1,4,NA
13800321,"agegp4",NA,NA,2,4,1
13800322,"agegp4",NA,NA,NA,6,NA
13800323,"agegp4",NA,NA,1,5,1
13800324,"agegp4",NA,NA,NA,7,1
13800325,"agegp4",NA,1,2,3,1
13800326,"agegp3",NA,NA,4,2,1
13800327,"agegp5",NA,NA,NA,8,NA
13800328,"agegp4",NA,NA,NA,4,3
13800329,"agegp4",NA,1,NA,4,NA
13800330,"agegp4",NA,NA,NA,5,1
13800331,"agegp3",NA,NA,1,3,1
13800332,"agegp3",NA,NA,2,1,1
13800333,"agegp2",NA,1,NA,4,1
13800334,"agegp3",NA,NA,5,1,NA
13800335,"agegp3",NA,NA,NA,3,1
13800336,"agegp5",NA,NA,2,2,2
13800337,"agegp5",NA,NA,NA,1,2
13800338,"agegp3",NA,NA,1,3,1
13800339,"agegp5",NA,NA,NA,NA,3
13800340,"agegp4",NA,NA,NA,6,NA
13800341,"agegp5",NA,1,1,3,NA
13800342,"agegp4",NA,NA,NA,4,1
13800343,"agegp5",NA,NA,NA,NA,3
13800344,"agegp3",NA,NA,4,1,1
13800345,"agegp4",NA,NA,NA,2,1
13800346,"agegp3",NA,1,4,2,NA
13800347,"agegp4",NA,NA,1,3,1
13800348,"agegp4",NA,NA,NA,3,2
13800349,"agegp3",NA,NA,4,2,NA
13800350,"agegp4",NA,NA,NA,3,1
13800351,"agegp4",NA,1,NA,2,1
13800352,"agegp4",NA,2,NA,2,2
13800353,"agegp3",NA,NA,NA,4,3
13800354,"agegp5",NA,NA,1,2,2
13800355,"agegp3",NA,NA,2,2,2
13800356,"agegp4",NA,NA,1,3,NA
13800357,"agegp4",NA,NA,NA,5,NA
13800358,"agegp4",NA,NA,1,4,2
13800359,"agegp5",NA,NA,NA,2,1
13800360,"agegp4",NA,1,NA,6,NA
13800361,"agegp2",NA,NA,2,2,NA
13800362,"agegp4",NA,NA,3,2,NA
13800363,"agegp3",NA,NA,5,1,NA
13800364,"agegp3",NA,NA,5,3,NA
13800365,"agegp5",NA,NA,1,4,1
13800366,"agegp4",NA,NA,1,2,1
13800367,"agegp4",NA,NA,NA,5,NA
13800368,"agegp4",NA,NA,NA,5,2
13800369,"agegp4",NA,NA,1,3,1
13800370,"agegp4",NA,1,1,4,1
13800371,"agegp5",NA,NA,1,5,2
13800372,"agegp5",NA,NA,1,3,NA
13800373,"agegp5",NA,NA,NA,3,3
13800374,"agegp4",NA,NA,NA,4,2
13800375,"agegp4",NA,NA,NA,6,2
13800376,"agegp4",NA,NA,NA,4,2
13800377,"agegp4",NA,NA,1,3,2
13800378,"agegp4",NA,NA,NA,3,1
13800379,"agegp3",NA,1,2,2,NA
13800380,"agegp4",NA,1,NA,4,2
13800381,"agegp4",NA,NA,2,7,1
13800382,"agegp4",NA,NA,2,4,NA
13800383,"agegp5",NA,NA,1,6,2
13800384,"agegp4",NA,NA,NA,6,NA
13800385,"agegp4",NA,NA,NA,9,NA
13800386,"agegp5",NA,NA,NA,7,1
13800387,"agegp4",NA,NA,NA,5,1
13800388,"agegp4",NA,NA,1,6,NA
13800389,"agegp5",NA,NA,NA,1,4
13800390,"agegp3",NA,NA,3,2,1
13800391,"agegp5",NA,NA,1,3,2
13800392,"agegp4",1,1,NA,9,1
13800393,"agegp3",NA,NA,2,1,2
13800394,"agegp2",NA,NA,1,2,2
13800395,"agegp2",NA,2,NA,5,2
13800396,"agegp4",NA,NA,2,5,NA
13800397,"agegp2",NA,NA,NA,5,1
13800398,"agegp4",NA,1,NA,5,1
13800399,"agegp3",NA,NA,2,3,NA
13800400,"agegp5",NA,NA,NA,3,1
13800401,"agegp3",NA,NA,1,6,3
13800402,"agegp4",NA,NA,NA,4,1
13800403,"agegp5",NA,1,2,7,2
13800404,"agegp4",NA,NA,NA,5,1
13800405,"agegp4",NA,NA,NA,4,1
13800406,"agegp3",NA,NA,4,4,NA
13800407,"agegp4",NA,NA,2,4,1
13800408,"agegp5",NA,1,1,4,2
13800409,"agegp2",NA,2,NA,2,2
13800410,"agegp3",NA,NA,3,2,NA
13800411,"agegp4",NA,NA,1,2,1
13800412,"agegp5",NA,NA,NA,3,3
13800413,"agegp3",NA,NA,2,3,2
13800414,"agegp3",NA,NA,2,3,2
13800415,"agegp3",NA,NA,NA,5,NA
13800416,"agegp4",NA,NA,2,4,2
13800417,"agegp3",NA,NA,1,5,NA
13800418,"agegp5",NA,1,NA,5,3
13800419,"agegp2",NA,2,1,4,2
13800420,"agegp4",NA,NA,1,5,1
13800421,"agegp5",NA,NA,NA,NA,4
13800422,"agegp5",NA,1,NA,4,3
13800423,"agegp5",NA,NA,NA,2,1
13800424,"agegp4",NA,NA,2,2,2
13800425,"agegp4",NA,NA,NA,2,2
13800426,"agegp4",NA,NA,NA,5,2
13800427,"agegp3",NA,1,2,4,1
13800428,"agegp3",NA,NA,4,2,NA
13800429,"agegp2",NA,NA,1,4,NA
13800430,"agegp4",NA,NA,NA,6,NA
13800431,"agegp3",NA,NA,4,2,NA
13800432,"agegp5",NA,NA,NA,2,1
13800433,"agegp2",NA,NA,NA,6,1
13800434,"agegp4",NA,1,NA,3,1
13800435,"agegp3",NA,1,1,2,NA
13800436,"agegp3",NA,NA,4,1,NA
13800437,"agegp4",NA,1,2,4,NA
13800438,"agegp4",NA,NA,NA,5,NA
13800439,"agegp4",NA,NA,2,6,NA
13800440,"agegp3",NA,NA,4,2,NA
13800441,"agegp5",NA,NA,NA,1,4
13800442,"agegp5",NA,NA,NA,NA,3
13800443,"agegp2",NA,NA,2,2,NA
13800444,"agegp4",NA,NA,NA,5,NA
13800445,"agegp4",NA,NA,NA,4,NA
13800446,"agegp4",NA,NA,2,6,1
13800447,"agegp4",NA,1,NA,3,NA
13800448,"agegp2",NA,NA,3,2,1
13800449,"agegp4",NA,NA,3,6,3
13800450,"agegp3",NA,NA,1,2,NA
13800451,"agegp4",NA,NA,2,3,NA
13800452,"agegp4",NA,1,1,3,NA
13800453,"agegp4",NA,NA,3,2,2
13800454,"agegp3",NA,1,2,3,NA
13800455,"agegp3",NA,NA,3,1,1
13800456,"agegp4",NA,NA,NA,4,NA
13800457,"agegp2",NA,NA,1,3,1
13800458,"agegp3",NA,NA,5,2,NA
13800459,"agegp3",NA,1,2,5,NA
13800460,"agegp5",NA,NA,1,3,1
13800461,"agegp4",NA,NA,2,4,NA
13800462,"agegp4",NA,NA,1,6,NA
13800463,"agegp3",NA,NA,6,1,NA
13800464,"agegp4",NA,NA,NA,2,1
13800465,"agegp3",NA,NA,3,2,1
13800466,"agegp3",NA,NA,2,2,NA
13800467,"agegp4",NA,NA,NA,2,2
13800468,"agegp3",1,NA,1,3,NA
13800469,"agegp3",NA,1,3,2,NA
13800470,"agegp4",NA,1,1,8,NA
13800471,"agegp3",NA,NA,4,1,NA
13800472,"agegp3",NA,NA,4,1,NA
13800473,"agegp2",NA,2,NA,2,NA
13800474,"agegp4",NA,1,1,5,NA
13800475,"agegp2",NA,2,1,4,1
13800476,"agegp4",NA,1,2,7,NA
13800477,"agegp3",NA,NA,3,3,NA
13800478,"agegp4",NA,1,1,6,3
13800479,"agegp4",NA,NA,1,4,NA
13800480,"agegp4",NA,NA,NA,4,2
13800481,"agegp2",NA,1,1,3,4
13800482,"agegp5",NA,NA,NA,NA,3
13800483,"agegp4",NA,NA,1,3,1
13800484,"agegp4",NA,NA,NA,3,NA
13800485,"agegp4",NA,1,NA,4,NA
13800486,"agegp5",NA,NA,NA,2,3
13800487,"agegp3",NA,NA,2,3,NA
13800488,"agegp3",NA,NA,4,2,NA
13800489,"agegp4",NA,NA,NA,2,1
13800490,"agegp4",NA,NA,1,7,NA
13800491,"agegp5",NA,NA,NA,7,1
13800492,"agegp2",NA,3,1,6,NA
13800493,"agegp2",NA,NA,NA,4,3
13800494,"agegp4",NA,NA,NA,6,2
13800495,"agegp3",NA,NA,8,3,1
13800496,"agegp4",NA,NA,2,8,1
13800497,"agegp4",NA,NA,NA,5,2
13800498,"agegp4",NA,NA,2,4,2
13800499,"agegp4",NA,NA,NA,5,NA
13800500,"agegp5",NA,NA,1,3,3
13800501,"agegp5",NA,NA,2,2,1
13800502,"agegp4",NA,NA,NA,5,2
13800503,"agegp5",NA,1,NA,3,3
13800504,"agegp5",NA,NA,NA,2,3
13800505,"agegp4",NA,NA,1,4,1
13800506,"agegp3",NA,NA,4,2,1
13800507,"agegp3",NA,NA,6,5,2
13800508,"agegp3",NA,NA,7,2,2
13800509,"agegp4",NA,NA,2,3,NA
13800510,"agegp3",NA,NA,6,3,NA
13800511,"agegp5",1,NA,1,4,3
13800512,"agegp5",NA,NA,2,3,NA
13800513,"agegp5",NA,NA,NA,4,1
13800514,"agegp5",NA,NA,2,2,3
13800515,"agegp4",NA,1,1,6,2
13800516,"agegp4",NA,NA,NA,3,4
13800517,"agegp5",NA,1,NA,4,NA
13800518,"agegp5",NA,NA,NA,3,1
13800519,"agegp5",NA,2,NA,5,NA
13800520,"agegp5",NA,2,NA,6,4
13800521,"agegp5",NA,NA,2,2,NA
13800522,"agegp5",NA,NA,NA,2,2
13800523,"agegp5",NA,NA,NA,5,2
13800524,"agegp4",NA,NA,1,3,NA
13800525,"agegp4",1,1,1,3,2
13800526,"agegp4",NA,NA,NA,5,5
13800527,"agegp4",NA,NA,3,4,3
13800528,"agegp3",NA,NA,3,3,NA
13800529,"agegp5",NA,NA,NA,2,1
13800530,"agegp2",NA,4,NA,2,1
13800531,"agegp5",NA,NA,NA,3,NA
13800532,"agegp4",NA,NA,NA,3,1
13800533,"agegp4",NA,NA,NA,4,1
13800534,"agegp4",1,1,NA,3,3
13800535,"agegp3",NA,NA,NA,4,2
13800536,"agegp3",NA,NA,5,3,NA
13800537,"agegp2",NA,NA,2,2,1
13800538,"agegp5",NA,1,1,2,NA
13800539,"agegp2",NA,7,1,2,NA
13800540,"agegp4",NA,NA,1,7,NA
13800541,"agegp4",NA,NA,1,7,NA
13800542,"agegp4",NA,NA,NA,2,2
13800543,"agegp5",NA,NA,NA,6,1
13800544,"agegp2",NA,3,1,4,5
13800545,"agegp2",NA,4,3,2,2
13800546,"agegp5",NA,NA,NA,3,NA
13800547,"agegp4",NA,1,NA,2,2
13800548,"agegp4",NA,NA,NA,3,2
13800549,"agegp5",NA,NA,3,9,1
13800550,"agegp5",NA,NA,NA,5,1
13800551,"agegp4",NA,NA,NA,6,2
13800552,"agegp4",NA,NA,1,2,3
13800553,"agegp4",NA,NA,NA,10,NA
13800554,"agegp4",NA,NA,2,5,NA
13800555,"agegp4",NA,NA,NA,2,2
13800556,"agegp3",NA,NA,6,4,NA
13800557,"agegp2",NA,NA,9,4,1
13800558,"agegp4",NA,1,NA,5,NA
13800559,"agegp4",1,NA,NA,2,2
13800560,"agegp4",NA,NA,NA,3,1
13800561,"agegp4",NA,NA,NA,4,1
13800562,"agegp5",NA,NA,NA,3,1
13800563,"agegp3",NA,NA,6,2,1
13800564,"agegp4",NA,NA,2,6,1
13800565,"agegp4",NA,NA,NA,6,NA
13800566,"agegp4",NA,NA,NA,4,2
13800567,"agegp4",NA,1,NA,7,2
13800568,"agegp3",NA,NA,3,10,1
13800569,"agegp3",NA,NA,6,1,NA
13800570,"agegp5",NA,NA,1,5,1
13800571,"agegp2",NA,NA,1,6,1
13800572,"agegp4",NA,NA,1,5,1
13800573,"agegp4",NA,NA,NA,7,3
13800574,"agegp4",NA,NA,1,4,1
13800575,"agegp3",NA,NA,5,2,NA
13800576,"agegp4",NA,NA,2,4,2
13800577,"agegp3",NA,NA,6,1,1
13800578,"agegp4",NA,NA,1,10,3
13800579,"agegp4",NA,1,NA,6,1
13800580,"agegp5",NA,1,1,1,3
13800581,"agegp4",NA,NA,NA,3,1
13800582,"agegp5",NA,NA,1,2,1
13800583,"agegp2",NA,NA,NA,3,2
13800584,"agegp2",NA,2,10,4,NA
13800585,"agegp3",NA,NA,7,2,NA
13800586,"agegp5",NA,3,2,4,2
13800587,"agegp4",NA,NA,NA,7,2
13800588,"agegp5",NA,NA,NA,4,3
13800589,"agegp4",NA,NA,1,5,2
13800590,"agegp5",NA,NA,NA,8,1
13800591,"agegp4",NA,NA,1,10,1
13800592,"agegp4",NA,NA,2,6,NA
13800593,"agegp3",NA,NA,5,2,NA
13800594,"agegp4",NA,1,1,4,NA
13800595,"agegp3",NA,NA,9,6,NA
13800596,"agegp2",NA,NA,NA,4,2
13800597,"agegp2",NA,NA,1,5,2
13800598,"agegp4",NA,NA,NA,6,2
13800599,"agegp4",NA,NA,2,3,NA
13800600,"agegp4",NA,1,NA,6,2
13800601,"agegp2",NA,NA,2,4,2
13800602,"agegp5",NA,NA,NA,3,1
13800603,"agegp5",NA,NA,NA,4,1
13800604,"agegp3",NA,NA,4,2,1
13800605,"agegp4",NA,NA,2,9,4
13800606,"agegp5",NA,1,NA,5,NA
13800607,"agegp5",NA,NA,NA,2,3
13800608,"agegp3",NA,1,NA,3,2
13800609,"agegp2",NA,1,1,7,NA
13800610,"agegp2",NA,NA,NA,4,2
13800611,"agegp4",NA,NA,2,4,NA
13800612,"agegp3",NA,NA,7,4,1
13800613,"agegp2",NA,1,1,6,2
13800614,"agegp4",NA,NA,NA,4,4
13800615,"agegp4",NA,NA,NA,8,NA
13800616,"agegp4",NA,1,NA,13,1
13800617,"agegp4",NA,1,1,6,3
13800618,"agegp4",NA,1,3,8,3
13800619,"agegp5",NA,NA,2,3,2
13800620,"agegp4",NA,NA,1,9,2
13800621,"agegp3",NA,1,4,6,3
13800622,"agegp4",NA,1,2,8,3
13800623,"agegp3",NA,NA,6,2,NA
13800624,"agegp4",NA,NA,NA,5,1
13800625,"agegp4",2,NA,1,8,1
13800626,"agegp5",NA,NA,2,3,3
13800627,"agegp5",NA,NA,NA,3,5
13800628,"agegp2",NA,NA,2,4,3
13800629,"agegp3",NA,NA,7,3,1
13800630,"agegp4",NA,NA,2,15,3
13800631,"agegp5",NA,NA,NA,2,2
13800632,"agegp5",NA,NA,2,6,1
13800633,"agegp4",NA,NA,2,10,1
13800634,"agegp4",NA,NA,1,7,2
13800635,"agegp4",NA,NA,1,7,3
13800636,"agegp5",NA,NA,NA,3,NA
13800637,"agegp4",NA,NA,NA,4,2
13800638,"agegp4",NA,NA,2,5,2
13800639,"agegp2",1,1,5,2,2
13800640,"agegp2",NA,1,2,2,2
13800641,"agegp3",NA,NA,7,2,1
13800642,"agegp3",NA,1,7,3,1
13800643,"agegp3",NA,NA,3,6,2
13800644,"agegp5",NA,NA,3,6,2
13800645,"agegp5",NA,NA,NA,6,2
13800646,"agegp3",NA,1,NA,5,2
13800647,"agegp4",NA,NA,NA,5,1
13800648,"agegp5",NA,2,2,3,4
13800649,"agegp4",NA,NA,NA,11,2
13800650,"agegp4",NA,NA,NA,4,1
13800651,"agegp4",NA,1,NA,4,2
13800652,"agegp5",NA,NA,1,3,NA
13800653,"agegp5",NA,NA,NA,3,4
13800654,"agegp4",NA,NA,NA,8,1
13800655,"agegp3",NA,NA,NA,8,2
13800656,"agegp4",NA,1,NA,14,NA
13800657,"agegp4",NA,NA,1,13,NA
13800658,"agegp5",NA,1,1,3,1
13800659,"agegp5",NA,NA,NA,2,2
13800660,"agegp3",NA,NA,6,3,1
13800661,"agegp4",NA,NA,NA,8,2
13800662,"agegp3",NA,NA,6,NA,1
13800663,"agegp5",NA,NA,1,4,3
13800664,"agegp2",NA,NA,2,3,2
13800665,"agegp4",NA,NA,1,5,NA
13800666,"agegp2",1,1,NA,3,2
13800667,"agegp5",NA,NA,3,4,4
13800668,"agegp4",1,NA,2,4,2
13800669,"agegp4",NA,NA,1,10,1
13800670,"agegp4",NA,NA,NA,7,2
13800671,"agegp3",1,1,8,2,1
13800672,"agegp3",NA,NA,2,2,1
13800673,"agegp5",NA,NA,NA,3,1
13800674,"agegp4",NA,2,NA,5,2
13800675,"agegp2",1,1,NA,10,2
13800676,"agegp4",NA,NA,3,4,1
13800677,"agegp3",NA,1,6,5,NA
13800678,"agegp4",NA,NA,4,3,1
13800679,"agegp2",NA,2,3,4,2
13800680,"agegp4",1,1,NA,6,2
13800681,"agegp4",NA,1,NA,8,1
13800682,"agegp5",NA,NA,NA,8,1
13800683,"agegp5",NA,2,NA,5,2
13800684,"agegp3",NA,1,8,2,NA
13800685,"agegp5",NA,1,1,3,NA
13800686,"agegp5",NA,NA,NA,3,2
13800687,"agegp2",NA,2,3,4,1
13800688,"agegp4",NA,1,NA,5,2
13800689,"agegp4",NA,2,NA,14,3
13800690,"agegp5",NA,1,1,4,1
13800691,"agegp4",NA,NA,1,8,1
13800692,"agegp3",NA,NA,7,4,NA
13800693,"agegp3",NA,1,4,1,2
13800694,"agegp3",NA,NA,7,5,NA
13800695,"agegp4",NA,NA,NA,8,2
13800696,"agegp3",NA,NA,8,3,1
13800697,"agegp3",NA,NA,11,2,NA
13800698,"agegp5",NA,1,1,4,NA
13800699,"agegp3",NA,1,8,3,NA
13800700,"agegp5",NA,NA,2,3,1
13800701,"agegp4",NA,1,NA,4,1
13800702,"agegp5",NA,NA,NA,2,2
13800703,"agegp4",NA,2,6,2,3
13800704,"agegp2",NA,1,2,6,2
13800705,"agegp4",NA,1,NA,7,2
13800706,"agegp4",NA,NA,1,4,3
13800707,"agegp2",NA,4,1,5,1
13800708,"agegp3",NA,NA,12,3,NA
13800709,"agegp4",NA,NA,NA,7,1
13800710,"agegp3",NA,NA,8,1,1
13800711,"agegp4",NA,NA,4,6,NA
13800712,"agegp2",NA,4,1,3,NA
13800713,"agegp3",NA,1,6,3,2
13800714,"agegp5",NA,NA,4,1,1
13800715,"agegp4",NA,NA,2,2,3
13800716,"agegp4",NA,1,NA,5,3
13800717,"agegp3",NA,NA,5,5,2
13800718,"agegp4",NA,NA,2,6,1
13800719,"agegp3",NA,1,2,5,3
13800720,"agegp3",NA,NA,1,3,NA
13800721,"agegp3",NA,NA,10,2,NA
13800722,"agegp3",NA,NA,5,1,2
13800723,"agegp2",NA,2,4,5,NA
13800724,"agegp3",1,NA,6,3,2
13800725,"agegp4",NA,1,1,10,1
13800726,"agegp4",NA,NA,1,3,NA
13800727,"agegp3",NA,1,8,3,NA
13800728,"agegp4",NA,NA,1,6,1
13800729,"agegp4",NA,NA,1,3,2
13800730,"agegp2",NA,NA,1,5,3
13800731,"agegp4",NA,2,1,8,1
13800732,"agegp4",NA,NA,1,13,NA
13800733,"agegp2",2,1,NA,5,1
13800734,"agegp4",NA,NA,NA,7,NA
13800735,"agegp3",NA,NA,3,1,2
13800736,"agegp4",NA,1,1,5,NA
13800737,"agegp4",NA,NA,NA,3,4
13800738,"agegp2",NA,2,5,2,1
13800739,"agegp5",NA,NA,1,3,1
13800740,"agegp4",NA,1,3,9,2
13800741,"agegp5",NA,NA,1,1,2
13800742,"agegp3",NA,NA,5,3,NA
13800743,"agegp3",NA,1,7,2,NA
13800744,"agegp4",NA,1,1,4,NA
13800745,"agegp5",NA,NA,2,2,1
13800746,"agegp2",NA,2,1,3,NA
13800747,"agegp3",NA,1,4,5,1
13800748,"agegp5",NA,NA,1,2,2
13800749,"agegp5",NA,NA,NA,5,2
13800750,"agegp2",NA,2,1,4,NA
13800751,"agegp5",NA,NA,NA,8,2
13800752,"agegp2",1,NA,NA,4,2
13800753,"agegp3",NA,1,5,2,2
13800754,"agegp5",NA,NA,NA,2,3
13800755,"agegp3",NA,NA,3,NA,2
13800756,"agegp4",NA,NA,1,7,2
13800757,"agegp5",NA,NA,NA,6,2
13800758,"agegp2",NA,NA,2,4,1
13800759,"agegp5",NA,NA,1,4,4
13800760,"agegp3",NA,NA,3,3,3
13800761,"agegp5",NA,NA,1,6,3
13800762,"agegp4",NA,NA,3,7,NA
13800763,"agegp4",NA,NA,NA,5,2
13800764,"agegp4",NA,NA,NA,5,2
13800765,"agegp4",NA,NA,4,6,1
13800766,"agegp3",NA,NA,4,5,2
13800767,"agegp2",NA,NA,2,6,2
13800768,"agegp4",NA,NA,NA,7,NA
13800769,"agegp2",NA,1,2,4,1
13800770,"agegp2",NA,2,1,5,1
13800771,"agegp2",NA,NA,1,4,1
13800772,"agegp3",NA,NA,4,6,1
13800773,"agegp4",NA,NA,2,4,NA
13800774,"agegp5",NA,NA,1,4,2
13800775,"agegp2",NA,NA,1,3,1
13800776,"agegp4",NA,NA,2,7,NA
13800777,"agegp4",NA,NA,1,4,NA
13800778,"agegp4",NA,NA,NA,4,2
13800779,"agegp5",NA,3,NA,8,6
13800780,"agegp5",NA,NA,1,6,5
13800781,"agegp3",NA,NA,2,1,2
13800782,"agegp5",NA,NA,NA,4,NA
13800783,"agegp5",NA,NA,NA,5,1
13800784,"agegp4",NA,NA,1,2,NA
13800785,"agegp4",NA,NA,NA,3,2
13800786,"agegp4",NA,NA,NA,4,NA
13800787,"agegp3",NA,NA,2,2,NA
13800788,"agegp5",NA,1,NA,4,2
13800789,"agegp3",NA,NA,5,2,1
13800790,"agegp3",NA,NA,4,3,NA
13800791,"agegp5",NA,NA,NA,6,NA
13800792,"agegp4",NA,NA,NA,2,2
13800793,"agegp3",NA,NA,3,2,NA
13800794,"agegp5",NA,1,NA,3,3
13800795,"agegp3",NA,NA,4,1,1
13800796,"agegp2",NA,3,1,4,NA
13800797,"agegp3",NA,1,4,3,NA
13800798,"agegp4",NA,NA,1,8,1
13800799,"agegp4",NA,NA,1,6,NA
13800800,"agegp4",NA,1,1,10,NA
13800801,"agegp3",NA,NA,5,3,NA
13800802,"agegp5",NA,1,NA,5,4
13800803,"agegp4",NA,NA,NA,8,NA
13800804,"agegp4",NA,NA,NA,5,2
13800805,"agegp5",NA,NA,1,NA,3
13800806,"agegp3",NA,NA,6,2,NA
13800807,"agegp2",NA,4,NA,4,2
13800808,"agegp4",NA,NA,NA,4,2
13800809,"agegp3",NA,NA,2,1,1
13800810,"agegp3",NA,NA,5,4,NA
13800811,"agegp4",NA,1,1,4,NA
13800812,"agegp3",NA,NA,3,1,2
13800813,"agegp5",NA,NA,NA,5,NA
13800814,"agegp4",NA,NA,1,3,1
13800815,"agegp4",NA,2,1,5,NA
13800816,"agegp3",NA,NA,3,3,NA
13800817,"agegp3",NA,NA,4,2,NA
13800818,"agegp5",NA,NA,1,4,2
13800819,"agegp5",NA,NA,NA,5,NA
13800820,"agegp4",NA,NA,NA,8,2
13800821,"agegp5",NA,1,1,2,NA
13800822,"agegp4",NA,1,1,6,NA
13800823,"agegp5",NA,NA,1,2,1
13800824,"agegp4",NA,1,NA,2,2
13800825,"agegp4",NA,NA,2,5,1
13800826,"agegp5",NA,NA,2,3,1
13800827,"agegp4",NA,NA,1,4,NA
13800828,"agegp3",NA,2,5,3,1
13800829,"agegp2",NA,5,1,4,NA
13800830,"agegp5",NA,NA,NA,3,4
13800831,"agegp4",NA,NA,NA,7,NA
13800832,"agegp4",NA,NA,NA,4,2
13800833,"agegp4",NA,1,NA,8,NA
13800834,"agegp4",NA,NA,1,8,NA
13800835,"agegp3",NA,1,2,3,2
13800836,"agegp2",NA,NA,2,2,1
13800837,"agegp4",NA,NA,1,3,3
13800838,"agegp3",NA,NA,3,2,NA
13800839,"agegp3",NA,NA,4,5,NA
13800840,"agegp4",NA,NA,3,4,1
13800841,"agegp2",1,1,NA,3,2
13800842,"agegp3",NA,NA,4,2,NA
13800843,"agegp4",NA,NA,NA,5,2
13800844,"agegp4",NA,1,1,2,1
13800845,"agegp4",NA,NA,1,2,1
13800846,"agegp4",NA,NA,NA,4,NA
13800847,"agegp3",NA,NA,5,2,NA
13800848,"agegp4",NA,NA,2,6,1
13800849,"agegp4",NA,NA,3,2,NA
13800850,"agegp4",NA,NA,1,10,3
13800851,"agegp4",NA,NA,1,10,1
13800852,"agegp3",NA,1,3,5,3
13800853,"agegp4",NA,NA,2,6,1
13800854,"agegp4",NA,1,1,6,2
13800855,"agegp3",NA,NA,1,7,NA
13800856,"agegp4",NA,NA,2,3,NA
13800857,"agegp3",NA,1,3,5,NA
13800858,"agegp4",NA,NA,2,5,NA
13800859,"agegp3",NA,1,4,2,1
13800860,"agegp4",NA,NA,1,5,2
13800861,"agegp4",NA,1,1,4,NA
13800862,"agegp5",NA,NA,NA,4,1
13800863,"agegp4",NA,1,NA,5,2
13800864,"agegp4",NA,NA,2,4,NA
13800865,"agegp4",NA,NA,2,1,2
13800866,"agegp4",NA,NA,NA,5,NA
13800867,"agegp2",NA,1,1,4,2
13800868,"agegp4",NA,NA,NA,3,2
13800869,"agegp4",NA,NA,NA,4,NA
13800870,"agegp4",NA,NA,NA,5,NA
13800871,"agegp4",NA,NA,NA,4,NA
13800872,"agegp2",NA,NA,1,5,NA
13800873,"agegp4",NA,NA,NA,2,2
13800874,"agegp3",NA,NA,3,2,NA
13800875,"agegp5",NA,NA,NA,2,4
13800876,"agegp4",NA,NA,NA,6,3
13800877,"agegp4",NA,1,NA,2,3
13800878,"agegp5",NA,NA,NA,1,5
13800879,"agegp5",NA,NA,NA,1,5
13800880,"agegp5",NA,NA,1,NA,4
13800881,"agegp4",NA,NA,NA,2,3
13800882,"agegp4",NA,NA,NA,4,1
13800883,"agegp4",NA,1,NA,7,1
13800884,"agegp2",NA,NA,2,2,NA
13800885,"agegp3",NA,NA,4,2,1
13800886,"agegp4",NA,NA,1,3,1
13800887,"agegp4",NA,NA,NA,1,2
13800888,"agegp4",NA,NA,NA,4,2
13800889,"agegp2",NA,NA,1,4,NA
13800890,"agegp3",NA,NA,3,3,1
13800891,"agegp5",NA,NA,5,NA,1
13800892,"agegp4",NA,NA,NA,4,1
13800893,"agegp3",NA,1,1,3,1
13800894,"agegp5",NA,2,1,5,NA
13800895,"agegp4",NA,NA,3,5,1
13800896,"agegp5",NA,NA,NA,2,1
13800897,"agegp5",NA,NA,1,4,2
13800898,"agegp4",NA,1,NA,4,2
13800899,"agegp2",NA,NA,1,3,NA
13800900,"agegp4",NA,NA,1,3,2
13800901,"agegp5",NA,1,1,3,2
13800902,"agegp2",NA,1,NA,4,1
13800903,"agegp3",NA,NA,1,3,NA
13800904,"agegp4",NA,NA,3,3,NA
13800905,"agegp5",NA,1,NA,5,1
13800906,"agegp2",NA,NA,NA,4,2
13800907,"agegp2",NA,1,NA,4,1
13800908,"agegp3",NA,NA,2,1,2
13800909,"agegp4",NA,NA,NA,3,1
13800910,"agegp5",NA,NA,2,3,1
13800911,"agegp5",NA,NA,NA,1,2
13800912,"agegp4",NA,NA,2,6,2
13800913,"agegp4",NA,NA,NA,5,2
13800914,"agegp3",NA,NA,4,3,2
13800915,"agegp2",NA,NA,2,3,2
13800916,"agegp4",NA,NA,NA,10,2
13800917,"agegp4",NA,NA,1,6,2
13800918,"agegp5",NA,NA,NA,2,2
13800919,"agegp4",NA,NA,NA,4,1
13800920,"agegp4",NA,1,NA,7,1
13800921,"agegp3",NA,NA,1,8,1
13800922,"agegp3",NA,NA,6,5,NA
13800923,"agegp2",NA,NA,NA,6,NA
13800924,"agegp4",NA,1,1,4,2
13800925,"agegp5",NA,NA,1,4,3
13800926,"agegp3",NA,1,4,2,NA
13800927,"agegp4",NA,NA,NA,2,2
13800928,"agegp4",NA,NA,NA,3,1
13800929,"agegp4",NA,1,1,8,2
13800930,"agegp4",NA,NA,NA,3,2
13800931,"agegp2",NA,NA,1,2,1
13800932,"agegp4",NA,NA,2,2,1
13800933,"agegp4",NA,NA,1,2,2
13800934,"agegp3",NA,NA,3,5,NA
13800935,"agegp3",NA,NA,4,2,NA
13800936,"agegp4",NA,NA,NA,3,2
13800937,"agegp2",NA,NA,1,3,1
13800938,"agegp3",NA,1,2,3,NA
13800939,"agegp5",NA,NA,NA,2,1
13800940,"agegp3",NA,NA,2,2,NA
13800941,"agegp4",NA,NA,1,2,2
13800942,"agegp2",NA,2,1,1,NA
13800943,"agegp4",NA,1,NA,6,2
13800944,"agegp3",NA,NA,5,3,NA
13800945,"agegp4",NA,NA,2,4,NA
13800946,"agegp3",NA,NA,3,2,NA
13800947,"agegp4",NA,1,NA,4,NA
13800948,"agegp5",NA,NA,NA,2,1
13800949,"agegp3",NA,NA,3,2,NA
13800950,"agegp5",NA,1,NA,2,3
13800951,"agegp2",NA,1,NA,2,1
13800952,"agegp2",NA,NA,1,4,2
13800953,"agegp5",NA,NA,NA,4,NA
13800954,"agegp3",NA,NA,5,6,1
13800955,"agegp4",NA,NA,2,1,3
13800956,"agegp2",NA,NA,1,2,3
13800957,"agegp4",NA,NA,1,4,NA
13800958,"agegp3",NA,NA,3,2,NA
13800959,"agegp2",NA,NA,1,2,1
13800960,"agegp4",NA,NA,1,4,1
13800961,"agegp3",NA,NA,2,5,NA
13800962,"agegp5",NA,NA,NA,4,4
13800963,"agegp3",NA,NA,2,2,1
13800964,"agegp2",NA,NA,NA,4,2
13800965,"agegp3",NA,3,2,7,2
13800966,"agegp3",NA,NA,3,5,3
13800967,"agegp4",NA,NA,3,2,2
13800968,"agegp5",NA,NA,NA,10,1
13800969,"agegp5",1,NA,NA,6,1
13800970,"agegp4",NA,2,NA,5,NA
13800971,"agegp3",NA,3,NA,6,NA
13800972,"agegp4",NA,2,NA,5,NA
13800973,"agegp4",NA,2,NA,6,NA
13800974,"agegp2",NA,2,1,4,NA
13800975,"agegp4",NA,NA,NA,8,NA
13800976,"agegp4",NA,2,1,7,NA
13800977,"agegp4",NA,2,NA,6,NA
13800978,"agegp3",NA,NA,4,4,NA
13800979,"agegp4",NA,NA,2,8,1
13800980,"agegp4",NA,NA,1,6,NA
13800981,"agegp5",NA,NA,NA,3,NA
13800982,"agegp4",NA,2,NA,3,2
13800983,"agegp1",NA,1,NA,4,1
13800984,"agegp4",NA,NA,NA,4,2
13800985,"agegp3",NA,NA,6,1,1
13800986,"agegp3",NA,1,4,3,NA
13800987,"agegp3",NA,NA,6,2,NA
13800988,"agegp3",NA,1,4,3,NA
13800989,"agegp4",NA,NA,1,5,3
13800990,"agegp2",NA,NA,NA,2,1
13800991,"agegp2",NA,NA,2,2,1
13800992,"agegp3",NA,NA,5,3,2
13800993,"agegp4",NA,NA,2,3,3
13800994,"agegp3",NA,NA,2,3,3
14900001,"agegp4",NA,NA,1,2,NA
14900002,"agegp4",NA,NA,3,1,NA
14900003,"agegp5",NA,NA,2,3,2
14900004,"agegp4",1,NA,2,2,1
14900005,"agegp5",NA,NA,1,1,1
14900006,"agegp5",NA,1,NA,4,3
14900007,"agegp4",NA,NA,NA,6,2
14900008,"agegp4",NA,NA,NA,4,1
14900009,"agegp4",NA,NA,NA,3,NA
14900010,"agegp4",NA,NA,1,4,NA
14900011,"agegp4",NA,NA,2,2,NA
14900012,"agegp4",NA,NA,NA,7,2
14900013,"agegp3",NA,NA,1,4,2
14900014,"agegp4",NA,1,NA,2,2
14900015,"agegp4",NA,NA,1,2,1
14900016,"agegp3",NA,NA,12,2,NA
14900017,"agegp5",NA,NA,NA,4,NA
14900018,"agegp4",NA,NA,NA,9,2
14900019,"agegp2",NA,NA,2,2,2
14900020,"agegp2",NA,NA,1,2,NA
14900021,"agegp4",NA,1,2,8,NA
14900022,"agegp5",NA,NA,NA,6,1
14900023,"agegp3",NA,NA,7,5,NA
14900024,"agegp5",NA,NA,NA,2,3
14900025,"agegp4",NA,NA,NA,7,1
14900026,"agegp3",NA,1,4,2,NA
14900027,"agegp3",NA,NA,3,3,1
14900028,"agegp3",NA,NA,1,3,NA
14900029,"agegp4",NA,NA,2,5,NA
14900030,"agegp4",NA,NA,NA,5,1
14900031,"agegp3",NA,1,3,2,NA
14900032,"agegp5",NA,NA,1,5,NA
14900033,"agegp3",NA,NA,5,2,NA
14900034,"agegp3",NA,NA,6,1,NA
14900035,"agegp5",NA,NA,1,1,3
14900036,"agegp4",NA,1,3,5,1
14900037,"agegp4",NA,NA,NA,3,2
14900038,"agegp3",NA,NA,5,NA,2
14900039,"agegp3",NA,NA,5,4,1
14900040,"agegp3",NA,NA,13,7,NA
14900041,"agegp4",NA,1,1,1,2
14900042,"agegp2",NA,NA,1,2,NA
14900043,"agegp4",NA,NA,NA,4,2
14900044,"agegp3",NA,NA,6,5,1
14900045,"agegp5",NA,1,NA,2,NA
14900046,"agegp4",NA,1,1,1,NA
14900047,"agegp4",NA,NA,1,3,2
14900048,"agegp4",NA,1,NA,5,2
14900049,"agegp3",NA,NA,3,5,NA
14900050,"agegp5",NA,NA,1,5,1
14900051,"agegp3",NA,NA,3,4,NA
14900052,"agegp4",NA,NA,1,3,1
14900053,"agegp5",NA,1,NA,3,1
14900054,"agegp5",NA,NA,NA,3,3
14900055,"agegp3",NA,NA,3,3,1
14900056,"agegp4",NA,1,1,3,1
14900057,"agegp4",NA,NA,NA,2,2
14900058,"agegp2",NA,NA,NA,2,NA
14900059,"agegp4",NA,1,NA,2,2
14900060,"agegp4",NA,NA,NA,2,2
14900061,"agegp3",NA,NA,7,2,NA
14900062,"agegp4",NA,1,NA,3,2
14900063,"agegp4",NA,1,2,2,2
14900064,"agegp4",NA,NA,NA,2,1
14900065,"agegp4",1,NA,1,4,1
14900066,"agegp4",NA,NA,NA,8,NA
14900067,"agegp3",NA,NA,3,3,NA
14900068,"agegp5",NA,1,NA,3,1
14900069,"agegp5",NA,NA,1,2,1
14900070,"agegp4",NA,NA,NA,6,4
14900071,"agegp4",NA,NA,3,1,1
14900072,"agegp1",NA,NA,1,3,1
14900073,"agegp2",NA,1,1,3,1
14900074,"agegp4",NA,NA,2,4,3
14900075,"agegp5",NA,1,1,2,2
14900076,"agegp4",NA,1,NA,5,2
14900077,"agegp3",NA,NA,6,3,NA
14900078,"agegp3",NA,NA,4,4,2
14900079,"agegp4",NA,NA,1,3,NA
14900080,"agegp2",NA,2,3,2,NA
14900081,"agegp5",NA,NA,2,2,1
14900082,"agegp2",NA,1,1,2,1
14900083,"agegp5",NA,NA,1,3,2
14900084,"agegp4",NA,NA,2,4,1
14900085,"agegp3",NA,NA,6,5,3
14900086,"agegp3",NA,NA,3,3,NA
14900087,"agegp5",NA,NA,NA,1,3
14900088,"agegp2",NA,NA,1,4,2
14900089,"agegp5",NA,1,NA,2,NA
14900090,"agegp3",NA,NA,4,2,NA
14900091,"agegp2",NA,1,NA,4,1
14900092,"agegp5",NA,1,NA,1,1
14900093,"agegp3",NA,NA,5,2,NA
14900094,"agegp3",NA,1,2,2,NA
14900095,"agegp5",NA,NA,NA,5,4
14900096,"agegp3",NA,NA,5,2,NA
14900097,"agegp2",NA,NA,5,2,1
14900098,"agegp4",NA,NA,1,2,3
14900099,"agegp3",NA,NA,11,3,1
14900100,"agegp5",NA,NA,NA,2,1
14900101,"agegp3",NA,2,9,3,1
14900102,"agegp3",NA,1,4,3,NA
14900103,"agegp3",NA,NA,5,2,NA
14900104,"agegp3",NA,NA,2,2,3
14900105,"agegp3",NA,NA,5,2,1
14900106,"agegp4",NA,NA,1,5,NA
14900107,"agegp5",NA,1,NA,2,1
14900108,"agegp4",NA,NA,1,5,1
14900109,"agegp4",NA,NA,NA,2,3
14900110,"agegp3",NA,1,NA,2,NA
14900111,"agegp3",NA,NA,5,4,NA
14900112,"agegp3",NA,NA,5,3,NA
14900113,"agegp1",NA,NA,NA,4,1
14900114,"agegp2",1,6,NA,4,2
14900115,"agegp4",NA,NA,2,2,2
14900116,"agegp4",NA,NA,2,1,NA
14900117,"agegp2",NA,1,2,2,2
14900118,"agegp4",NA,NA,1,8,1
14900119,"agegp4",NA,NA,NA,3,3
14900120,"agegp4",NA,1,1,3,NA
14900121,"agegp5",NA,NA,NA,2,1
14900122,"agegp5",NA,NA,NA,1,4
14900123,"agegp4",NA,NA,NA,1,2
14900124,"agegp5",NA,1,1,4,2
14900125,"agegp4",NA,NA,1,4,NA
14900126,"agegp4",NA,NA,NA,2,3
14900127,"agegp5",NA,1,NA,2,3
14900128,"agegp3",NA,1,2,2,1
14900129,"agegp2",NA,1,1,1,2
14900130,"agegp5",NA,NA,2,2,2
14900131,"agegp5",NA,NA,NA,5,1
14900132,"agegp4",NA,NA,1,4,1
14900133,"agegp3",NA,NA,3,3,1
14900134,"agegp4",NA,NA,2,1,NA
14900135,"agegp4",NA,NA,NA,5,NA
14900136,"agegp4",NA,NA,NA,1,2
14900137,"agegp4",NA,NA,3,1,3
14900138,"agegp3",NA,NA,NA,3,1
14900139,"agegp3",NA,NA,1,NA,2
14900140,"agegp4",NA,NA,1,4,1
14900141,"agegp3",NA,NA,5,3,1
14900142,"agegp4",NA,NA,NA,4,1
14900143,"agegp1",NA,NA,NA,2,1
14900144,"agegp2",NA,1,NA,3,NA
14900145,"agegp4",NA,NA,1,3,NA
14900146,"agegp4",NA,2,NA,6,NA
14900147,"agegp4",NA,NA,4,1,NA
14900148,"agegp1",NA,1,NA,2,NA
14900149,"agegp4",NA,1,1,6,3
14900150,"agegp4",NA,1,1,2,1
14900151,"agegp3",NA,NA,7,2,2
14900152,"agegp3",NA,NA,3,2,1
14900153,"agegp3",NA,NA,NA,2,1
14900154,"agegp2",NA,NA,1,2,NA
14900155,"agegp3",NA,NA,4,2,NA
14900156,"agegp4",NA,NA,2,5,1
14900157,"agegp4",NA,NA,NA,2,1
14900158,"agegp2",NA,NA,1,4,1
14900159,"agegp3",NA,NA,1,2,NA
14900160,"agegp5",NA,NA,NA,2,3
14900161,"agegp5",NA,1,NA,3,3
14900162,"agegp3",NA,NA,1,4,2
14900163,"agegp4",NA,1,NA,5,3
14900164,"agegp3",NA,NA,2,5,NA
14900165,"agegp3",NA,NA,2,4,NA
14900166,"agegp4",NA,NA,3,3,NA
14900167,"agegp3",NA,NA,1,6,NA
14900168,"agegp2",NA,NA,1,4,NA
14900169,"agegp4",NA,NA,2,5,1
14900170,"agegp4",1,NA,NA,4,NA
14900171,"agegp5",NA,1,1,2,2
14900172,"agegp4",NA,NA,NA,5,NA
14900173,"agegp5",NA,NA,NA,2,2
14900174,"agegp5",NA,NA,1,2,NA
14900175,"agegp4",NA,2,NA,3,NA
14900176,"agegp3",NA,NA,4,2,NA
14900177,"agegp4",NA,NA,2,NA,1
14900178,"agegp4",NA,NA,1,5,NA
14900179,"agegp4",NA,NA,2,6,NA
14900180,"agegp5",NA,1,NA,3,1
14900181,"agegp3",NA,NA,6,2,NA
14900182,"agegp5",NA,NA,NA,3,3
14900183,"agegp5",NA,NA,NA,2,NA
14900184,"agegp3",NA,2,2,3,NA
14900185,"agegp5",NA,1,NA,5,3
14900186,"agegp4",NA,NA,2,4,NA
14900187,"agegp2",NA,NA,1,3,1
14900188,"agegp2",NA,1,3,5,1
14900189,"agegp3",NA,1,2,2,NA
14900190,"agegp3",NA,NA,3,2,NA
14900191,"agegp4",NA,NA,NA,4,2
14900192,"agegp3",NA,NA,3,5,NA
14900193,"agegp4",NA,NA,3,5,NA
14900194,"agegp4",NA,1,NA,7,2
14900195,"agegp2",NA,NA,NA,4,1
14900196,"agegp5",NA,NA,NA,3,1
14900197,"agegp3",NA,NA,2,3,NA
14900198,"agegp3",1,NA,5,2,1
14900199,"agegp4",NA,NA,NA,6,NA
14900200,"agegp2",NA,NA,NA,2,3
14900201,"agegp4",NA,NA,2,4,1
14900202,"agegp4",NA,NA,NA,6,NA
14900203,"agegp5",NA,NA,2,3,NA
14900204,"agegp4",NA,1,1,5,4
14900205,"agegp5",NA,NA,NA,1,2
14900206,"agegp3",NA,NA,1,2,NA
14900207,"agegp5",1,1,NA,2,1
14900208,"agegp4",NA,NA,1,6,1
14900209,"agegp4",NA,1,2,3,1
14900210,"agegp5",NA,2,2,5,1
14900211,"agegp2",NA,NA,NA,3,2
14900212,"agegp2",NA,NA,1,2,NA
14900213,"agegp3",NA,NA,5,4,NA
14900214,"agegp2",NA,2,NA,2,2
14900215,"agegp3",NA,NA,7,2,NA
14900216,"agegp4",NA,NA,1,6,3
14900217,"agegp4",NA,NA,1,2,2
14900218,"agegp3",NA,1,4,2,NA
14900219,"agegp4",NA,NA,1,1,1
14900220,"agegp4",NA,NA,1,4,1
14900221,"agegp5",NA,NA,NA,NA,5
14900222,"agegp3",NA,NA,2,2,NA
14900223,"agegp4",NA,NA,1,1,3
14900224,"agegp4",NA,NA,NA,2,2
14900225,"agegp5",NA,NA,NA,1,1
14900226,"agegp2",NA,NA,2,3,NA
14900227,"agegp4",NA,1,NA,3,2
14900228,"agegp4",NA,NA,NA,3,1
14900229,"agegp4",NA,NA,NA,4,NA
14900230,"agegp3",NA,NA,4,NA,2
14900231,"agegp4",NA,1,NA,5,2
14900232,"agegp4",NA,NA,NA,3,1
14900233,"agegp3",NA,NA,5,4,1
14900234,"agegp5",NA,1,1,3,1
14900235,"agegp4",NA,1,2,4,2
14900236,"agegp4",NA,NA,NA,4,NA
14900237,"agegp4",NA,NA,1,5,1
14900238,"agegp4",NA,NA,NA,1,4
14900239,"agegp3",NA,NA,6,2,NA
14900240,"agegp3",NA,NA,10,5,NA
14900241,"agegp4",NA,1,NA,1,NA
14900242,"agegp2",NA,1,3,3,1
14900243,"agegp4",NA,NA,NA,4,NA
14900244,"agegp2",NA,2,NA,4,2
14900245,"agegp4",NA,1,1,2,NA
14900246,"agegp4",NA,1,NA,5,2
14900247,"agegp3",NA,NA,4,3,NA
14900248,"agegp3",NA,NA,13,2,NA
14900249,"agegp2",NA,1,2,3,NA
14900250,"agegp5",NA,NA,NA,3,3
14900251,"agegp5",NA,NA,1,4,4
14900252,"agegp4",NA,1,NA,4,1
14900253,"agegp4",NA,NA,3,8,4
14900254,"agegp2",NA,1,1,2,2
14900255,"agegp4",NA,NA,NA,5,2
14900256,"agegp3",NA,1,NA,2,NA
14900257,"agegp3",NA,NA,2,2,1
14900258,"agegp4",NA,NA,NA,2,2
14900259,"agegp5",NA,NA,NA,2,1
14900260,"agegp5",NA,NA,NA,2,1
14900261,"agegp3",NA,1,8,3,1
14900262,"agegp4",NA,1,NA,6,2
14900263,"agegp3",NA,NA,6,2,NA
14900264,"agegp4",NA,2,NA,4,1
14900265,"agegp4",NA,NA,NA,3,2
14900266,"agegp5",NA,NA,NA,1,1
14900267,"agegp4",1,NA,1,2,1
14900268,"agegp5",NA,NA,NA,2,NA
14900269,"agegp3",NA,NA,NA,2,NA
14900270,"agegp5",1,1,1,5,1
14900271,"agegp3",NA,NA,4,1,NA
14900272,"agegp4",NA,NA,1,5,NA
14900273,"agegp3",NA,NA,4,3,NA
14900274,"agegp4",NA,2,1,5,1
14900275,"agegp2",NA,NA,1,4,2
14900276,"agegp4",NA,NA,1,4,2
14900277,"agegp5",NA,NA,3,2,1
14900278,"agegp4",NA,2,2,1,1
14900279,"agegp5",NA,1,NA,2,4
14900280,"agegp5",NA,NA,NA,5,4
14900281,"agegp5",NA,1,1,1,1
14900282,"agegp4",NA,1,1,4,NA
14900283,"agegp3",NA,NA,5,2,1
14900284,"agegp3",NA,2,2,NA,2
14900285,"agegp3",NA,NA,NA,NA,5
14900286,"agegp4",NA,NA,1,3,NA
14900287,"agegp4",NA,NA,1,4,NA
14900288,"agegp3",NA,NA,1,2,NA
14900289,"agegp3",NA,NA,NA,4,1
14900290,"agegp3",NA,NA,3,2,NA
14900291,"agegp4",NA,1,1,2,NA
14900292,"agegp5",NA,NA,NA,2,NA
14900293,"agegp2",NA,NA,1,2,1
14900294,"agegp5",NA,1,NA,3,2
14900295,"agegp5",NA,NA,NA,NA,4
14900296,"agegp2",NA,NA,NA,4,2
14900297,"agegp3",NA,NA,8,2,NA
14900298,"agegp3",NA,NA,2,4,NA
14900299,"agegp1",NA,NA,NA,2,3
14900300,"agegp4",NA,1,1,5,NA
14900301,"agegp5",NA,NA,NA,3,2
14900302,"agegp4",NA,1,2,4,NA
14900303,"agegp4",NA,NA,1,4,4
14900304,"agegp3",NA,1,2,2,NA
14900305,"agegp2",NA,4,1,4,1
14900306,"agegp5",NA,NA,2,1,3
14900307,"agegp5",NA,NA,1,1,1
14900308,"agegp3",NA,NA,3,2,NA
14900309,"agegp2",NA,NA,2,3,1
14900310,"agegp4",NA,NA,1,3,1
14900311,"agegp4",NA,NA,NA,6,NA
14900312,"agegp2",NA,NA,1,1,NA
14900313,"agegp4",NA,NA,NA,2,2
14900314,"agegp4",NA,2,1,3,2
14900315,"agegp4",NA,NA,3,3,NA
14900316,"agegp4",NA,1,1,4,NA
14900317,"agegp4",NA,NA,1,3,NA
14900318,"agegp4",NA,NA,NA,3,1
14900319,"agegp2",NA,NA,1,3,NA
14900320,"agegp2",NA,1,NA,2,2
14900321,"agegp3",NA,2,4,2,NA
14900322,"agegp4",NA,NA,NA,3,1
14900323,"agegp3",NA,NA,2,3,NA
14900324,"agegp4",NA,NA,2,4,1
14900325,"agegp4",NA,NA,2,4,NA
14900326,"agegp4",NA,NA,1,4,NA
14900327,"agegp3",NA,NA,4,2,1
14900328,"agegp4",NA,NA,2,3,NA
14900329,"agegp5",NA,NA,NA,NA,3
14900330,"agegp3",NA,1,3,2,2
14900331,"agegp4",NA,1,2,3,1
14900332,"agegp4",NA,NA,NA,7,1
14900333,"agegp4",NA,NA,NA,3,NA
14900334,"agegp3",NA,NA,4,NA,2
14900335,"agegp5",NA,1,1,1,2
14900336,"agegp4",NA,NA,2,2,2
14900337,"agegp4",NA,1,1,2,2
14900338,"agegp3",NA,NA,3,2,NA
14900339,"agegp4",NA,NA,2,3,NA
14900340,"agegp3",NA,NA,3,2,NA
14900341,"agegp4",NA,1,3,8,2
14900342,"agegp1",NA,3,NA,2,2
14900343,"agegp2",NA,3,NA,2,NA
14900344,"agegp2",NA,NA,NA,3,1
14900345,"agegp3",NA,3,1,2,1
14900346,"agegp4",NA,1,1,4,NA
14900347,"agegp5",NA,NA,1,2,NA
14900348,"agegp4",NA,NA,1,3,NA
14900349,"agegp3",NA,NA,1,2,NA
14900350,"agegp4",NA,NA,NA,7,3
14900351,"agegp2",NA,8,NA,4,2
14900352,"agegp3",NA,NA,5,1,2
14900353,"agegp2",NA,1,1,3,1
14900354,"agegp3",NA,NA,3,1,2
14900355,"agegp3",NA,NA,2,3,1
14900356,"agegp2",NA,NA,1,3,2
14900357,"agegp5",NA,NA,NA,2,1
14900358,"agegp4",NA,NA,1,1,2
14900359,"agegp5",NA,1,NA,3,NA
14900360,"agegp5",NA,1,2,4,1
14900361,"agegp2",NA,1,1,3,1
14900362,"agegp4",NA,NA,2,3,NA
14900363,"agegp2",NA,NA,1,4,NA
14900364,"agegp4",NA,NA,2,4,NA
14900365,"agegp3",NA,NA,4,2,1
14900366,"agegp4",NA,NA,2,2,NA
14900367,"agegp4",1,NA,1,3,2
14900368,"agegp4",NA,NA,1,8,2
14900369,"agegp5",NA,NA,1,3,NA
14900370,"agegp5",NA,NA,NA,2,2
14900371,"agegp2",NA,2,NA,2,NA
14900372,"agegp3",NA,1,1,1,1
14900373,"agegp4",NA,NA,NA,2,3
14900374,"agegp3",NA,NA,1,4,2
14900375,"agegp5",NA,NA,1,3,3
14900376,"agegp5",NA,NA,NA,NA,3
14900377,"agegp5",NA,NA,NA,2,3
14900378,"agegp4",NA,NA,3,5,1
14900379,"agegp2",NA,2,3,6,2
14900380,"agegp4",NA,NA,2,3,1
14900381,"agegp3",NA,NA,2,2,1
14900382,"agegp4",NA,NA,2,7,1
14900383,"agegp4",NA,NA,NA,8,2
14900384,"agegp2",NA,NA,1,2,NA
14900385,"agegp4",NA,NA,1,3,NA
14900386,"agegp5",NA,NA,NA,3,2
14900387,"agegp4",NA,1,NA,5,NA
14900388,"agegp2",NA,NA,2,4,1
14900389,"agegp3",NA,NA,1,2,2
14900390,"agegp5",NA,NA,2,1,3
14900391,"agegp4",NA,NA,2,4,2
14900392,"agegp4",NA,NA,NA,3,1
14900393,"agegp3",NA,NA,5,2,NA
14900394,"agegp2",NA,2,1,1,2
14900395,"agegp3",NA,NA,1,3,NA
14900396,"agegp5",NA,NA,NA,3,3
14900397,"agegp5",NA,NA,NA,3,NA
14900398,"agegp4",NA,NA,1,2,NA
14900399,"agegp5",NA,NA,NA,4,NA
14900400,"agegp1",NA,NA,1,2,3
14900401,"agegp4",NA,1,NA,2,NA
14900402,"agegp3",NA,NA,2,2,1
14900403,"agegp4",NA,NA,2,5,1
14900404,"agegp3",NA,1,2,2,1
14900405,"agegp2",NA,3,NA,2,2
14900406,"agegp2",NA,NA,NA,4,3
14900407,"agegp5",NA,2,1,3,1
14900408,"agegp2",NA,3,3,2,NA
14900409,"agegp5",NA,NA,NA,NA,2
14900410,"agegp3",NA,NA,4,3,NA
14900411,"agegp2",NA,1,NA,2,2
14900412,"agegp4",NA,NA,NA,6,2
14900413,"agegp4",NA,2,NA,1,1
14900414,"agegp4",NA,NA,1,2,NA
14900415,"agegp4",NA,NA,NA,2,1
14900416,"agegp4",NA,1,1,2,1
14900417,"agegp5",NA,NA,NA,2,3
14900418,"agegp4",NA,NA,1,7,NA
14900419,"agegp4",NA,NA,3,4,NA
14900420,"agegp5",NA,NA,NA,2,5
14900421,"agegp2",NA,1,3,3,NA
14900422,"agegp3",NA,NA,12,2,1
14900423,"agegp4",NA,NA,1,3,2
14900424,"agegp4",NA,NA,1,4,NA
14900425,"agegp4",NA,NA,2,4,NA
14900426,"agegp4",NA,1,1,2,1
14900427,"agegp3",NA,NA,3,2,NA
14900428,"agegp4",NA,NA,2,4,2
14900429,"agegp2",NA,NA,1,4,1
14900430,"agegp3",NA,1,2,4,1
14900431,"agegp3",NA,NA,1,2,NA
14900432,"agegp5",NA,NA,2,1,1
14900433,"agegp3",NA,NA,7,3,NA
14900434,"agegp5",NA,NA,1,2,1
14900435,"agegp5",NA,NA,NA,4,3
14900436,"agegp5",NA,NA,1,NA,1
14900437,"agegp4",NA,NA,NA,2,2
14900438,"agegp3",NA,NA,NA,2,2
14900439,"agegp3",NA,NA,2,2,2
14900440,"agegp5",1,1,NA,4,1
14900441,"agegp4",NA,NA,1,4,NA
14900442,"agegp2",NA,NA,2,2,2
14900443,"agegp3",NA,NA,2,2,1
14900444,"agegp5",NA,NA,2,3,NA
14900445,"agegp4",NA,NA,NA,2,1
14900446,"agegp4",NA,NA,1,7,NA
14900447,"agegp5",NA,NA,NA,4,1
14900448,"agegp3",NA,NA,4,2,NA
14900449,"agegp4",NA,NA,NA,4,3
14900450,"agegp5",NA,1,1,2,1
14900451,"agegp3",NA,NA,2,1,NA
14900452,"agegp4",NA,NA,NA,6,NA
14900453,"agegp3",NA,1,5,2,NA
14900454,"agegp5",NA,NA,1,3,3
14900455,"agegp4",1,NA,3,2,1
14900456,"agegp5",NA,NA,NA,2,NA
14900457,"agegp5",NA,NA,NA,3,1
14900458,"agegp2",NA,4,1,2,NA
14900459,"agegp4",NA,NA,NA,4,1
14900460,"agegp3",NA,NA,2,3,NA
14900461,"agegp3",NA,1,3,2,NA
14900462,"agegp5",NA,NA,NA,4,1
14900463,"agegp2",NA,NA,1,2,1
14900464,"agegp5",NA,1,1,3,NA
14900465,"agegp2",NA,NA,1,2,NA
14900466,"agegp3",NA,NA,3,3,NA
14900467,"agegp5",NA,NA,NA,1,4
14900468,"agegp4",NA,NA,2,2,1
14900469,"agegp3",NA,1,4,3,1
14900470,"agegp5",NA,NA,2,3,NA
14900471,"agegp4",NA,2,2,4,1
14900472,"agegp5",NA,1,1,3,3
14900473,"agegp4",NA,NA,2,4,2
14900474,"agegp4",NA,NA,1,3,1
14900475,"agegp5",NA,NA,2,2,NA
14900476,"agegp5",NA,2,1,3,1
14900477,"agegp5",NA,NA,1,4,1
14900478,"agegp3",NA,NA,3,3,NA
14900479,"agegp3",NA,NA,1,2,NA
14900480,"agegp2",NA,5,1,3,2
14900481,"agegp5",NA,NA,1,2,3
14900482,"agegp3",NA,NA,5,2,1
14900483,"agegp3",NA,1,6,3,2
14900484,"agegp4",NA,NA,NA,NA,2
14900485,"agegp4",NA,NA,NA,2,3
14900486,"agegp5",NA,NA,NA,3,1
14900487,"agegp5",NA,NA,NA,1,3
14900488,"agegp4",NA,NA,2,4,1
14900489,"agegp3",NA,NA,5,2,NA
14900490,"agegp4",NA,NA,1,4,NA
14900491,"agegp3",NA,NA,2,4,2
14900492,"agegp3",NA,NA,3,1,3
14900493,"agegp2",NA,2,2,5,2
14900494,"agegp4",NA,1,2,3,NA
14900495,"agegp3",NA,NA,9,2,NA
14900496,"agegp3",NA,NA,3,2,NA
14900497,"agegp4",NA,NA,1,4,1
14900498,"agegp3",NA,NA,2,2,2
14900499,"agegp2",NA,NA,1,3,2
14900500,"agegp4",NA,NA,1,2,NA
14900501,"agegp3",NA,NA,7,5,NA
14900502,"agegp1",NA,NA,NA,2,4
14900503,"agegp4",NA,NA,NA,8,2
14900504,"agegp3",NA,1,5,2,NA
14900505,"agegp2",1,NA,NA,2,1
14900506,"agegp4",NA,NA,2,3,2
14900507,"agegp3",NA,NA,3,2,NA
14900508,"agegp4",NA,NA,NA,2,NA
14900509,"agegp4",NA,1,1,3,3
14900510,"agegp4",NA,NA,1,3,3
14900511,"agegp4",NA,NA,NA,9,NA
14900512,"agegp3",NA,1,4,3,NA
14900513,"agegp4",NA,1,NA,6,2
14900514,"agegp3",NA,NA,2,3,NA
14900515,"agegp2",NA,NA,4,2,NA
14900516,"agegp5",NA,NA,NA,2,1
14900517,"agegp4",NA,1,NA,5,NA
14900518,"agegp5",NA,NA,NA,2,1
14900519,"agegp3",NA,4,4,5,2
14900520,"agegp5",NA,NA,NA,1,2
14900521,"agegp5",NA,NA,NA,2,NA
14900522,"agegp4",NA,NA,2,1,1
14900523,"agegp5",NA,NA,NA,3,2
14900524,"agegp5",NA,NA,NA,4,2
14900525,"agegp3",NA,NA,3,2,NA
14900526,"agegp4",1,2,1,2,3
14900527,"agegp5",NA,NA,NA,2,2
14900528,"agegp4",NA,1,2,2,NA
14900529,"agegp3",NA,1,5,3,NA
14900530,"agegp5",NA,1,1,1,NA
14900531,"agegp5",NA,NA,NA,1,4
14900532,"agegp4",NA,NA,2,4,NA
14900533,"agegp4",NA,NA,1,5,NA
14900534,"agegp5",NA,NA,2,4,1
14900535,"agegp2",NA,NA,2,4,2
14900536,"agegp4",NA,NA,1,2,NA
14900537,"agegp5",NA,NA,NA,NA,3
14900538,"agegp4",NA,NA,1,4,NA
14900539,"agegp3",NA,1,6,2,1
14900540,"agegp4",NA,NA,1,2,2
14900541,"agegp4",NA,2,NA,6,NA
14900542,"agegp2",NA,NA,1,3,NA
14900543,"agegp4",NA,NA,NA,5,1
14900544,"agegp3",NA,NA,1,2,NA
14900545,"agegp5",NA,NA,2,2,1
14900546,"agegp4",NA,2,NA,1,2
14900547,"agegp3",NA,NA,2,2,1
14900548,"agegp5",NA,NA,NA,2,1
14900549,"agegp4",NA,NA,1,2,NA
14900550,"agegp3",NA,NA,3,1,2
14900551,"agegp3",NA,NA,1,3,NA
14900552,"agegp5",NA,NA,1,2,3
14900553,"agegp4",NA,NA,2,4,NA
14900554,"agegp5",NA,NA,NA,4,2
14900555,"agegp4",NA,NA,NA,8,1
14900556,"agegp2",NA,1,3,2,NA
14900557,"agegp5",NA,1,3,3,1
14900558,"agegp2",NA,1,NA,3,1
14900559,"agegp4",NA,NA,2,3,1
14900560,"agegp4",NA,1,1,1,1
14900561,"agegp4",NA,NA,2,2,3
14900562,"agegp5",NA,1,NA,NA,2
14900563,"agegp5",NA,NA,NA,2,1
14900564,"agegp5",NA,NA,NA,1,2
14900565,"agegp4",NA,NA,NA,4,2
14900566,"agegp3",NA,1,2,4,NA
14900567,"agegp4",NA,NA,NA,4,NA
14900568,"agegp4",NA,NA,1,NA,2
14900569,"agegp4",NA,NA,3,1,NA
14900570,"agegp2",NA,NA,2,4,2
14900571,"agegp4",NA,NA,NA,3,1
14900572,"agegp2",NA,2,1,2,1
14900573,"agegp5",NA,NA,NA,3,2
14900574,"agegp4",NA,NA,1,1,3
14900575,"agegp2",NA,NA,2,2,2
14900576,"agegp5",NA,NA,2,2,1
14900577,"agegp4",NA,NA,3,1,1
14900578,"agegp3",NA,NA,2,2,NA
14900579,"agegp2",NA,NA,2,5,NA
14900580,"agegp3",NA,NA,6,2,1
14900581,"agegp5",NA,NA,NA,1,2
14900582,"agegp4",NA,NA,NA,10,2
14900583,"agegp5",NA,NA,NA,NA,2
14900584,"agegp4",NA,NA,1,3,2
14900585,"agegp5",NA,NA,1,5,NA
14900586,"agegp1",NA,NA,1,2,3
14900587,"agegp2",NA,NA,1,4,2
14900588,"agegp4",NA,NA,2,5,2
14900589,"agegp4",NA,2,1,2,NA
14900590,"agegp3",NA,1,2,2,1
14900591,"agegp4",NA,1,1,4,NA
14900592,"agegp3",NA,NA,3,2,2
14900593,"agegp3",NA,NA,1,3,1
14900594,"agegp3",NA,NA,3,2,NA
14900595,"agegp3",NA,NA,5,3,NA
14900596,"agegp4",NA,NA,NA,3,3
14900597,"agegp3",NA,NA,7,4,1
14900598,"agegp5",NA,NA,NA,5,1
14900599,"agegp3",NA,NA,NA,1,3
14900600,"agegp4",NA,NA,NA,2,2
14900601,"agegp3",NA,NA,4,2,1
14900602,"agegp3",NA,NA,3,3,NA
14900603,"agegp3",NA,NA,2,2,1
14900604,"agegp4",NA,NA,2,3,1
14900605,"agegp5",NA,NA,NA,1,2
14900606,"agegp4",NA,NA,NA,5,NA
14900607,"agegp4",NA,1,NA,3,NA
14900608,"agegp4",NA,NA,3,3,1
14900609,"agegp3",NA,NA,7,2,NA
14900610,"agegp2",NA,NA,NA,3,2
14900611,"agegp2",NA,NA,1,2,1
14900612,"agegp4",NA,NA,NA,2,3
14900613,"agegp3",NA,NA,4,3,NA
14900614,"agegp4",NA,1,NA,7,NA
14900615,"agegp5",NA,NA,NA,NA,2
14900616,"agegp4",NA,NA,NA,3,2
14900617,"agegp4",NA,NA,3,6,NA
14900618,"agegp5",NA,NA,1,NA,1
14900619,"agegp4",1,NA,1,2,3
14900620,"agegp4",NA,NA,2,3,NA
14900621,"agegp2",NA,NA,2,2,1
14900622,"agegp4",NA,NA,3,5,2
14900623,"agegp4",NA,NA,NA,1,2
14900624,"agegp3",NA,NA,1,3,2
14900625,"agegp5",NA,NA,1,1,1
14900626,"agegp3",NA,NA,1,1,1
14900627,"agegp2",NA,NA,1,2,NA
14900628,"agegp1",NA,NA,2,2,NA
14900629,"agegp3",NA,NA,2,3,NA
14900630,"agegp2",NA,NA,1,2,NA
14900631,"agegp4",NA,NA,NA,5,3
14900632,"agegp3",NA,NA,1,2,2
14900633,"agegp2",NA,9,1,2,2
14900634,"agegp3",NA,NA,3,1,2
14900635,"agegp4",NA,NA,4,2,1
14900636,"agegp4",NA,NA,2,1,NA
14900637,"agegp2",NA,2,1,3,2
14900638,"agegp3",NA,NA,2,2,NA
14900639,"agegp4",NA,NA,NA,7,NA
14900640,"agegp4",NA,1,1,2,NA
14900641,"agegp4",NA,1,1,3,2
14900642,"agegp3",NA,1,1,2,NA
14900643,"agegp5",NA,NA,NA,3,3
14900644,"agegp2",NA,NA,NA,2,1
14900645,"agegp3",NA,1,3,2,NA
14900646,"agegp5",NA,NA,NA,1,4
14900647,"agegp4",NA,NA,2,2,NA
14900648,"agegp4",NA,NA,1,6,NA
14900649,"agegp4",NA,NA,NA,1,3
14900650,"agegp4",NA,NA,2,1,2
14900651,"agegp5",NA,NA,NA,NA,3
14900652,"agegp5",NA,1,1,6,1
14900653,"agegp4",NA,NA,2,4,NA
14900654,"agegp5",NA,NA,NA,4,NA
14900655,"agegp3",NA,NA,7,2,NA
14900656,"agegp3",NA,NA,NA,5,NA
14900657,"agegp2",NA,NA,NA,4,NA
14900658,"agegp3",NA,NA,3,2,1
14900659,"agegp4",NA,NA,1,NA,1
14900660,"agegp4",NA,NA,4,1,1
14900661,"agegp5",NA,NA,NA,4,1
14900662,"agegp4",NA,NA,2,3,2
14900663,"agegp2",1,NA,NA,2,1
14900664,"agegp2",NA,NA,1,3,3
14900665,"agegp5",NA,NA,NA,NA,4
14900666,"agegp4",NA,NA,NA,5,1
14900667,"agegp3",NA,NA,1,1,NA
14900668,"agegp4",NA,NA,1,2,2
14900669,"agegp5",NA,NA,NA,1,1
14900670,"agegp4",NA,NA,4,3,NA
14900671,"agegp3",NA,1,1,3,1
14900672,"agegp4",NA,NA,1,2,1
14900673,"agegp4",NA,2,1,3,2
14900674,"agegp4",NA,NA,2,3,NA
14900675,"agegp5",NA,NA,1,2,1
14900676,"agegp3",NA,NA,4,1,1
14900677,"agegp4",NA,NA,NA,2,2
14900678,"agegp4",NA,NA,NA,2,2
14900679,"agegp1",NA,NA,NA,3,2
14900680,"agegp4",NA,NA,NA,5,3
14900681,"agegp2",NA,2,NA,2,1
14900682,"agegp4",NA,NA,1,4,NA
14900683,"agegp5",NA,NA,NA,2,1
14900684,"agegp5",NA,NA,NA,5,1
14900685,"agegp3",NA,NA,6,NA,NA
14900686,"agegp2",NA,1,1,3,2
14900687,"agegp4",NA,NA,2,6,NA
14900688,"agegp3",NA,1,2,2,1
14900689,"agegp3",NA,3,10,2,NA
14900690,"agegp3",NA,NA,3,1,2
14900691,"agegp4",NA,NA,1,4,NA
14900692,"agegp1",NA,1,1,2,1
14900693,"agegp5",NA,NA,NA,2,1
14900694,"agegp2",NA,1,1,2,1
14900695,"agegp2",NA,NA,1,4,3
14900696,"agegp4",NA,NA,1,4,NA
14900697,"agegp5",NA,NA,NA,4,2
14900698,"agegp5",NA,NA,NA,2,2
14900699,"agegp4",NA,NA,1,3,NA
14900700,"agegp4",NA,NA,2,4,NA
14900701,"agegp4",NA,NA,2,3,1
14900702,"agegp4",NA,NA,2,1,NA
14900703,"agegp3",NA,1,NA,2,2
14900704,"agegp3",NA,NA,1,7,1
14900705,"agegp4",NA,2,1,1,NA
14900706,"agegp3",NA,NA,4,2,NA
14900707,"agegp4",NA,NA,NA,3,1
14900708,"agegp3",NA,NA,4,2,2
14900709,"agegp4",NA,NA,2,2,NA
14900710,"agegp4",NA,NA,3,5,1
14900711,"agegp4",NA,NA,NA,3,1
14900712,"agegp5",NA,NA,NA,5,1
14900713,"agegp3",NA,NA,1,4,1
14900714,"agegp4",NA,1,1,1,2
14900715,"agegp5",NA,NA,NA,1,3
14900716,"agegp3",NA,NA,2,2,1
14900717,"agegp3",NA,NA,9,2,NA
14900718,"agegp4",NA,NA,NA,9,NA
14900719,"agegp4",NA,NA,NA,2,1
14900720,"agegp3",NA,NA,6,3,NA
14900721,"agegp4",NA,NA,NA,3,1
14900722,"agegp4",NA,NA,2,2,1
14900723,"agegp4",NA,NA,3,3,2
14900724,"agegp3",NA,NA,1,5,NA
14900725,"agegp4",NA,NA,NA,5,NA
14900726,"agegp4",NA,NA,2,2,1
14900727,"agegp5",NA,NA,NA,1,2
14900728,"agegp5",NA,NA,2,2,1
14900729,"agegp5",NA,NA,2,4,4
14900730,"agegp3",NA,NA,4,1,NA
14900731,"agegp4",NA,NA,NA,6,4
14900732,"agegp2",NA,NA,3,2,NA
14900733,"agegp5",NA,NA,1,6,2
14900734,"agegp5",NA,NA,NA,1,1
14900735,"agegp4",1,NA,1,7,2
14900736,"agegp5",NA,NA,2,2,NA
14900737,"agegp3",NA,NA,2,1,NA
14900738,"agegp3",NA,NA,3,2,1
14900739,"agegp4",NA,NA,NA,9,2
14900740,"agegp3",NA,1,4,2,NA
14900741,"agegp1",NA,NA,1,4,NA
14900742,"agegp3",NA,NA,7,3,NA
14900743,"agegp4",NA,NA,1,5,1
14900744,"agegp3",NA,NA,10,4,NA
14900745,"agegp4",NA,1,1,7,1
14900746,"agegp5",NA,NA,1,1,1
14900747,"agegp5",NA,NA,2,3,2
14900748,"agegp4",NA,NA,1,7,NA
14900749,"agegp3",NA,NA,4,2,NA
14900750,"agegp3",NA,NA,7,1,NA
14900751,"agegp4",NA,NA,NA,3,2
14900752,"agegp4",NA,2,NA,1,NA
14900753,"agegp5",NA,1,1,3,NA
14900754,"agegp2",NA,1,2,2,NA
14900755,"agegp5",NA,NA,NA,6,1
14900756,"agegp4",NA,NA,1,4,NA
14900757,"agegp5",NA,NA,NA,1,2
14900758,"agegp4",NA,NA,NA,3,2
14900759,"agegp2",NA,1,1,2,NA
14900760,"agegp4",NA,1,NA,5,NA
14900761,"agegp3",NA,1,2,2,NA
14900762,"agegp3",NA,NA,4,2,NA
14900763,"agegp2",NA,NA,2,2,NA
14900764,"agegp4",NA,1,1,3,1
14900765,"agegp5",NA,NA,1,2,2
14900766,"agegp2",NA,1,1,4,1
14900767,"agegp1",NA,NA,NA,2,NA
14900768,"agegp3",NA,NA,3,2,NA
14900769,"agegp2",NA,1,2,2,NA
14900770,"agegp2",NA,1,1,6,3
14900771,"agegp3",NA,NA,6,2,1
14900772,"agegp4",NA,1,2,2,2
14900773,"agegp3",NA,NA,2,2,NA
14900774,"agegp3",NA,NA,4,3,NA
14900775,"agegp3",NA,NA,4,2,NA
14900776,"agegp5",NA,NA,1,2,2
14900777,"agegp3",NA,NA,2,2,1
14900778,"agegp3",NA,NA,1,1,1
14900779,"agegp4",NA,NA,2,4,1
14900780,"agegp3",NA,NA,1,1,1
14900781,"agegp5",NA,NA,1,6,3
14900782,"agegp4",NA,NA,NA,7,NA
14900783,"agegp4",NA,NA,3,2,NA
14900784,"agegp4",NA,NA,2,7,NA
14900785,"agegp5",NA,NA,1,1,1
14900786,"agegp4",NA,NA,NA,2,1
14900787,"agegp3",NA,NA,2,2,1
14900788,"agegp5",NA,1,1,5,2
14900789,"agegp3",NA,NA,5,2,NA
14900790,"agegp3",NA,NA,3,2,1
14900791,"agegp4",NA,NA,2,3,NA
14900792,"agegp3",NA,NA,2,2,1
14900793,"agegp5",NA,1,NA,2,3
14900794,"agegp4",NA,NA,NA,7,1
14900795,"agegp5",NA,NA,1,1,1
14900796,"agegp4",NA,NA,NA,3,2
14900797,"agegp4",NA,1,3,2,NA
14900798,"agegp4",NA,1,NA,3,1
14900799,"agegp4",1,NA,NA,2,1
14900800,"agegp5",NA,NA,1,5,3
14900801,"agegp3",1,2,1,5,3
14900802,"agegp3",NA,NA,4,2,2
14900803,"agegp4",NA,NA,NA,2,3
14900804,"agegp3",NA,NA,6,2,1
14900805,"agegp4",NA,1,NA,6,2
14900806,"agegp4",NA,NA,2,11,2
14900807,"agegp5",NA,1,NA,NA,2
14900808,"agegp3",NA,NA,2,2,NA
14900809,"agegp4",NA,NA,1,2,NA
14900810,"agegp2",1,NA,1,2,1
14900811,"agegp4",NA,NA,NA,2,2
14900812,"agegp4",NA,2,NA,3,3
14900813,"agegp4",NA,NA,NA,2,1
14900814,"agegp2",NA,1,1,2,NA
14900815,"agegp3",NA,NA,7,3,1
14900816,"agegp5",NA,NA,3,2,1
14900817,"agegp3",NA,1,NA,2,NA
14900818,"agegp2",NA,NA,NA,3,2
14900819,"agegp3",NA,NA,4,3,2
14900820,"agegp2",NA,NA,NA,2,1
14900821,"agegp4",NA,NA,1,1,2
14900822,"agegp2",NA,NA,2,3,NA
14900823,"agegp4",NA,NA,2,3,NA
14900824,"agegp2",NA,2,2,2,NA
14900825,"agegp5",NA,NA,NA,NA,2
14900826,"agegp2",NA,1,NA,2,2
14900827,"agegp5",NA,1,NA,3,1
14900828,"agegp4",NA,NA,2,1,NA
14900829,"agegp4",NA,NA,NA,3,2
14900830,"agegp5",NA,NA,3,2,1
14900831,"agegp3",NA,NA,4,2,NA
14900832,"agegp1",NA,1,2,4,NA
14900833,"agegp4",NA,NA,2,1,1
14900834,"agegp5",NA,NA,NA,1,3
14900835,"agegp4",NA,NA,2,2,NA
14900836,"agegp3",NA,NA,4,2,NA
14900837,"agegp4",NA,NA,NA,4,NA
14900838,"agegp4",NA,NA,1,4,2
14900839,"agegp5",NA,NA,NA,4,1
14900840,"agegp3",NA,NA,4,2,NA
14900841,"agegp4",1,NA,NA,4,3
14900842,"agegp4",NA,1,NA,5,2
14900843,"agegp2",NA,4,1,5,2
14900844,"agegp4",NA,NA,2,3,NA
14900845,"agegp2",NA,1,NA,2,2
14900846,"agegp3",NA,NA,3,2,NA
14900847,"agegp5",NA,1,NA,2,NA
14900848,"agegp4",NA,NA,1,3,1
14900849,"agegp3",NA,NA,4,2,NA
14900850,"agegp4",NA,NA,NA,4,2
14900851,"agegp4",NA,NA,NA,4,NA
14900852,"agegp5",NA,NA,NA,3,1
14900853,"agegp4",NA,NA,NA,4,2
14900854,"agegp4",NA,NA,2,2,NA
14900855,"agegp3",NA,NA,4,4,NA
14900856,"agegp5",NA,NA,NA,2,1
14900857,"agegp4",NA,NA,1,3,1
14900858,"agegp4",NA,NA,1,2,NA
14900859,"agegp5",NA,NA,1,3,2
14900860,"agegp3",NA,NA,2,3,NA
14900861,"agegp4",NA,NA,NA,3,2
14900862,"agegp3",NA,NA,3,2,NA
14900863,"agegp4",NA,NA,NA,5,NA
14900864,"agegp4",NA,NA,2,5,NA
14900865,"agegp4",NA,NA,2,4,NA
14900866,"agegp2",NA,1,NA,4,2
14900867,"agegp3",NA,NA,4,2,1
14900868,"agegp4",NA,NA,1,12,2
14900869,"agegp4",NA,NA,1,NA,1
14900870,"agegp3",NA,NA,3,NA,2
14900871,"agegp4",NA,NA,1,3,2
14900872,"agegp2",NA,2,1,2,1
14900873,"agegp2",NA,3,3,4,1
14900874,"agegp4",NA,NA,2,3,NA
14900875,"agegp5",NA,NA,NA,1,1
14900876,"agegp4",NA,NA,1,4,3
14900877,"agegp5",NA,NA,2,2,1
14900878,"agegp4",NA,NA,NA,5,4
14900879,"agegp5",NA,2,NA,2,4
14900880,"agegp4",NA,2,1,5,1
14900881,"agegp4",NA,NA,NA,3,2
14900882,"agegp4",NA,NA,1,3,1
14900883,"agegp4",1,NA,2,10,2
14900884,"agegp3",NA,NA,4,2,NA
14900885,"agegp3",NA,NA,NA,2,NA
14900886,"agegp4",NA,NA,1,5,NA
14900887,"agegp5",NA,NA,NA,3,1
14900888,"agegp4",NA,NA,NA,2,3
14900889,"agegp2",NA,4,NA,3,1
14900890,"agegp2",NA,NA,2,3,NA
14900891,"agegp3",1,NA,4,3,1
14900892,"agegp4",NA,1,2,3,NA
14900893,"agegp4",NA,NA,NA,3,NA
14900894,"agegp4",NA,NA,3,5,NA
14900895,"agegp4",NA,NA,2,2,NA
14900896,"agegp5",NA,1,NA,4,1
14900897,"agegp4",NA,1,3,2,1
14900898,"agegp4",NA,NA,3,1,3
14900899,"agegp2",NA,NA,1,3,3
14900900,"agegp4",NA,NA,1,2,NA
14900901,"agegp4",NA,1,2,4,1
14900902,"agegp5",NA,1,NA,3,2
14900903,"agegp3",NA,NA,2,3,NA
14900904,"agegp5",NA,NA,NA,3,1
14900905,"agegp3",NA,NA,4,2,NA
14900906,"agegp2",NA,2,NA,2,1
14900907,"agegp5",NA,NA,NA,3,NA
14900908,"agegp3",NA,NA,3,3,NA
14900909,"agegp4",NA,NA,2,3,1
14900910,"agegp4",NA,NA,NA,3,2
14900911,"agegp4",NA,NA,2,1,NA
14900912,"agegp2",NA,1,1,4,2
14900913,"agegp3",NA,NA,2,2,NA
14900914,"agegp3",NA,1,4,2,NA
14900915,"agegp2",NA,NA,2,1,NA
14900916,"agegp3",NA,NA,3,2,1
14900917,"agegp4",NA,NA,NA,4,3
14900918,"agegp3",NA,1,1,2,NA
14900919,"agegp4",NA,NA,3,1,NA
14900920,"agegp4",NA,NA,2,3,1
14900921,"agegp3",NA,NA,4,2,2
14900922,"agegp2",NA,4,1,3,NA
14900923,"agegp4",1,NA,NA,4,1
14900924,"agegp2",NA,NA,3,2,NA
14900925,"agegp3",NA,NA,1,3,NA
14900926,"agegp4",NA,NA,2,1,NA
14900927,"agegp3",NA,NA,3,3,NA
14900928,"agegp5",NA,NA,NA,4,2
14900929,"agegp2",NA,2,NA,3,1
14900930,"agegp4",NA,NA,NA,7,1
14900931,"agegp4",NA,NA,NA,3,1
14900932,"agegp3",NA,NA,6,2,NA
14900933,"agegp4",1,1,NA,4,1
14900934,"agegp4",NA,NA,NA,3,2
14900935,"agegp3",NA,NA,4,2,NA
14900936,"agegp3",NA,NA,1,2,NA
14900937,"agegp4",NA,NA,NA,3,2
14900938,"agegp4",NA,NA,NA,5,NA
14900939,"agegp4",1,NA,NA,7,2
14900940,"agegp3",NA,1,2,2,NA
14900941,"agegp3",NA,NA,5,1,2
14900942,"agegp2",NA,3,3,2,1
14900943,"agegp5",NA,NA,3,1,NA
14900944,"agegp4",NA,NA,NA,1,1
14900945,"agegp3",NA,1,7,2,NA
14900946,"agegp5",NA,NA,1,2,NA
14900947,"agegp3",NA,NA,1,3,NA
14900948,"agegp2",NA,NA,NA,2,NA
14900949,"agegp4",NA,NA,NA,7,NA
14900950,"agegp3",NA,NA,6,2,NA
14900951,"agegp5",NA,NA,1,2,NA
14900952,"agegp2",NA,NA,2,3,NA
14900953,"agegp4",NA,1,1,4,1
14900954,"agegp4",NA,NA,NA,2,NA
14900955,"agegp3",NA,NA,7,2,1
14900956,"agegp4",NA,NA,2,4,NA
14900957,"agegp3",NA,NA,3,4,2
14900958,"agegp4",NA,NA,2,3,NA
14900959,"agegp5",NA,NA,2,3,2
14900960,"agegp4",NA,NA,NA,2,2
14900961,"agegp2",NA,NA,1,4,1
14900962,"agegp4",NA,NA,2,2,1
14900963,"agegp4",NA,NA,2,6,2
14900964,"agegp2",NA,1,1,3,NA
14900965,"agegp4",NA,1,NA,2,1
14900966,"agegp2",NA,NA,3,2,NA
14900967,"agegp4",NA,1,1,3,NA
14900968,"agegp4",NA,NA,1,4,NA
14900969,"agegp2",NA,1,2,3,2
14900970,"agegp3",NA,NA,4,2,NA
14900971,"agegp4",NA,1,1,1,1
14900972,"agegp4",NA,NA,NA,5,2
14900973,"agegp2",NA,NA,1,4,1
14900974,"agegp5",NA,1,1,3,1
14900975,"agegp2",NA,NA,NA,3,2
14900976,"agegp4",NA,2,NA,2,4
14900977,"agegp4",NA,NA,NA,7,2
14900978,"agegp3",NA,NA,1,2,NA
14900979,"agegp3",NA,NA,1,2,NA
14900980,"agegp5",NA,NA,NA,2,3
14900981,"agegp3",NA,NA,2,2,NA
14900982,"agegp5",NA,NA,NA,2,3
14900983,"agegp4",NA,NA,NA,5,1
14900984,"agegp1",NA,NA,NA,3,2
14900985,"agegp4",NA,NA,1,5,2
14900986,"agegp3",NA,NA,3,3,2
14900987,"agegp4",NA,NA,NA,4,2
14900988,"agegp4",NA,1,1,3,NA
14900989,"agegp5",NA,NA,NA,3,2
14900990,"agegp3",NA,NA,4,2,NA
14900991,"agegp3",NA,NA,2,3,NA
14900992,"agegp5",NA,NA,2,2,NA
14900993,"agegp4",1,NA,NA,6,NA
14900994,"agegp5",NA,2,1,4,1
14900995,"agegp3",NA,NA,1,2,NA
14900996,"agegp4",NA,NA,NA,5,2
14900997,"agegp2",NA,2,2,3,2
14900998,"agegp5",NA,NA,NA,2,1
14900999,"agegp5",NA,NA,2,NA,1
14901000,"agegp4",NA,NA,2,6,1
14901001,"agegp4",NA,NA,NA,1,2
14901002,"agegp5",NA,NA,3,3,NA
14901003,"agegp3",NA,NA,2,2,1
14901004,"agegp2",NA,3,NA,6,NA
14901005,"agegp5",NA,NA,1,3,3
14901006,"agegp3",NA,NA,13,2,NA
14901007,"agegp4",NA,1,3,3,NA
14901008,"agegp4",NA,NA,1,2,2
